--- ofertas.pais ---

INSERT INTO  ofertas.pais (id_aut_pais , nombre) VALUES (1, 'Afganistan');
INSERT INTO  ofertas.pais (id_aut_pais , nombre) VALUES (2, 'Albania' );
INSERT INTO  ofertas.pais (id_aut_pais , nombre) VALUES (3, 'Alemania');
INSERT INTO  ofertas.pais (id_aut_pais , nombre) VALUES (4, 'Andorra');
INSERT INTO  ofertas.pais (id_aut_pais , nombre) VALUES (5, 'Angola');
INSERT INTO  ofertas.pais (id_aut_pais , nombre) VALUES (6, 'Antigua y Burduba');
INSERT INTO  ofertas.pais (id_aut_pais , nombre) VALUES (7, 'Arabia Saudita');
INSERT INTO  ofertas.pais (id_aut_pais , nombre) VALUES (8, 'Argelia');
INSERT INTO  ofertas.pais (id_aut_pais , nombre) VALUES (9, 'Argentina');
INSERT INTO  ofertas.pais (id_aut_pais , nombre) VALUES (10,'Armenia');
INSERT INTO  ofertas.pais (id_aut_pais , nombre) VALUES (11,'Australia');
INSERT INTO  ofertas.pais (id_aut_pais , nombre) VALUES (12,'Austria');
INSERT INTO  ofertas.pais (id_aut_pais , nombre) VALUES (13,'Azerbaiyán:');
INSERT INTO  ofertas.pais (id_aut_pais , nombre) VALUES (14,'Bahamas');
INSERT INTO  ofertas.pais (id_aut_pais , nombre) VALUES (15,'Bangladés');
INSERT INTO  ofertas.pais (id_aut_pais , nombre) VALUES (16,'Barbados');
INSERT INTO  ofertas.pais (id_aut_pais , nombre) VALUES (17,'Baréin');
INSERT INTO  ofertas.pais (id_aut_pais , nombre) VALUES (18,'Bélgica');
INSERT INTO  ofertas.pais (id_aut_pais , nombre) VALUES (19,'Belice');
INSERT INTO  ofertas.pais (id_aut_pais , nombre) VALUES (20,'Benín');
INSERT INTO  ofertas.pais (id_aut_pais , nombre) VALUES (21,'Bielorrusia');
INSERT INTO  ofertas.pais (id_aut_pais , nombre) VALUES (22,'Birmania');
INSERT INTO  ofertas.pais (id_aut_pais , nombre) VALUES (23,'Bolivia');
INSERT INTO  ofertas.pais (id_aut_pais , nombre) VALUES (24,'Bosnia y Herzegovina');
INSERT INTO  ofertas.pais (id_aut_pais , nombre) VALUES (25,'Botsuana');
INSERT INTO  ofertas.pais (id_aut_pais , nombre) VALUES (26,'Brasil');
INSERT INTO  ofertas.pais (id_aut_pais , nombre) VALUES (27,'Brunéi');
INSERT INTO  ofertas.pais (id_aut_pais , nombre) VALUES (28,'Bulgaria');
INSERT INTO  ofertas.pais (id_aut_pais , nombre) VALUES (29,'Burkina Faso');
INSERT INTO  ofertas.pais (id_aut_pais , nombre) VALUES (30,'Burundi');
INSERT INTO  ofertas.pais (id_aut_pais , nombre) VALUES (31,'Bután');
INSERT INTO  ofertas.pais (id_aut_pais , nombre) VALUES (32,'Cabo Verde');
INSERT INTO  ofertas.pais (id_aut_pais , nombre) VALUES (33,'Camboya');
INSERT INTO  ofertas.pais (id_aut_pais , nombre) VALUES (34,'Camerún');
INSERT INTO  ofertas.pais (id_aut_pais , nombre) VALUES (35,'Canadá');
INSERT INTO  ofertas.pais (id_aut_pais , nombre) VALUES (36,'Catar');
INSERT INTO  ofertas.pais (id_aut_pais , nombre) VALUES (37,'Chad');
INSERT INTO  ofertas.pais (id_aut_pais , nombre) VALUES (38,'Chile');
INSERT INTO  ofertas.pais (id_aut_pais , nombre) VALUES (39,'China');
INSERT INTO  ofertas.pais (id_aut_pais , nombre) VALUES (40,'Chipre');
INSERT INTO  ofertas.pais (id_aut_pais , nombre) VALUES (41,'Ciudad del Vaticano');
INSERT INTO  ofertas.pais (id_aut_pais , nombre) VALUES (42, 'Colombia');
INSERT INTO  ofertas.pais (id_aut_pais , nombre) VALUES (43, 'Comoras');
INSERT INTO  ofertas.pais (id_aut_pais , nombre) VALUES (44, 'Corea del Norte');
INSERT INTO  ofertas.pais (id_aut_pais , nombre) VALUES (45, 'Corea del Sur');
INSERT INTO  ofertas.pais (id_aut_pais , nombre) VALUES (46, 'Costa de Marfil');
INSERT INTO  ofertas.pais (id_aut_pais , nombre) VALUES (47, 'Costa Rica');
INSERT INTO  ofertas.pais (id_aut_pais , nombre) VALUES (48, 'Croacia');
INSERT INTO  ofertas.pais (id_aut_pais , nombre) VALUES (49, 'Cuba');
INSERT INTO  ofertas.pais (id_aut_pais , nombre) VALUES (50, 'Dinamarca');
INSERT INTO  ofertas.pais (id_aut_pais , nombre) VALUES (51, 'Dominica');
INSERT INTO  ofertas.pais (id_aut_pais , nombre) VALUES (52, 'Ecuador');
INSERT INTO  ofertas.pais (id_aut_pais , nombre) VALUES (53, 'Egipto');
INSERT INTO  ofertas.pais (id_aut_pais , nombre) VALUES (54, 'El Salvador');
INSERT INTO  ofertas.pais (id_aut_pais , nombre) VALUES (55, 'Emiratos Árabes Unidos');
INSERT INTO  ofertas.pais (id_aut_pais , nombre) VALUES (56, 'Eritrea');
INSERT INTO  ofertas.pais (id_aut_pais , nombre) VALUES (57, 'Eslovaquia');
INSERT INTO  ofertas.pais (id_aut_pais , nombre) VALUES (58, 'Eslovenia');
INSERT INTO  ofertas.pais (id_aut_pais , nombre) VALUES (59, 'España');
INSERT INTO  ofertas.pais (id_aut_pais , nombre) VALUES (60, 'Estados Unidos');

--- ofertas.departamentos  ---
INSERT INTO ofertas.departamentos(id_aut_dep, nombre, id_pais_fk) values(1,'Amazonas',42);
INSERT INTO ofertas.departamentos(id_aut_dep, nombre, id_pais_fk) values(2,'Antioquia',42);
INSERT INTO ofertas.departamentos(id_aut_dep, nombre, id_pais_fk) values(3,'Arauca',42);
INSERT INTO ofertas.departamentos(id_aut_dep, nombre, id_pais_fk) values(4,'Atlantico',42);
INSERT INTO ofertas.departamentos(id_aut_dep, nombre, id_pais_fk) values(5,'Bolivar',42);
INSERT INTO ofertas.departamentos(id_aut_dep, nombre, id_pais_fk) values(6,'Boyaca',42);
INSERT INTO ofertas.departamentos(id_aut_dep, nombre, id_pais_fk) values(7,'Caldas',42);
INSERT INTO ofertas.departamentos(id_aut_dep, nombre, id_pais_fk) values(8,'Caquetá',42);
INSERT INTO ofertas.departamentos(id_aut_dep, nombre, id_pais_fk) values(9,'Casanare',42);
INSERT INTO ofertas.departamentos(id_aut_dep, nombre, id_pais_fk) values(10,'Cauca',42);
INSERT INTO ofertas.departamentos(id_aut_dep, nombre, id_pais_fk) values(11,'Cesar',42);
INSERT INTO ofertas.departamentos(id_aut_dep, nombre, id_pais_fk) values(12,'Chocó',42);
INSERT INTO ofertas.departamentos(id_aut_dep, nombre, id_pais_fk) values(13,'Córdoba',42);
INSERT INTO ofertas.departamentos(id_aut_dep, nombre, id_pais_fk) values(14,'Cundinamarca',42);
INSERT INTO ofertas.departamentos(id_aut_dep, nombre, id_pais_fk) values(15,'Guainía',42);
INSERT INTO ofertas.departamentos(id_aut_dep, nombre, id_pais_fk) values(16,'Guaviare',42);
INSERT INTO ofertas.departamentos(id_aut_dep, nombre, id_pais_fk) values(17,'Huila',42);
INSERT INTO ofertas.departamentos(id_aut_dep, nombre, id_pais_fk) values(18,'La Guajira',42);
INSERT INTO ofertas.departamentos(id_aut_dep, nombre, id_pais_fk) values(19,'Magdalena',42);
INSERT INTO ofertas.departamentos(id_aut_dep, nombre, id_pais_fk) values(20,'Meta',42);
INSERT INTO ofertas.departamentos(id_aut_dep, nombre, id_pais_fk) values(21,'Nariño',42);
INSERT INTO ofertas.departamentos(id_aut_dep, nombre, id_pais_fk) values(22,'Norte de Santander',42);
INSERT INTO ofertas.departamentos(id_aut_dep, nombre, id_pais_fk) values(23,'Putumayo',42);
INSERT INTO ofertas.departamentos(id_aut_dep, nombre, id_pais_fk) values(24,'Quindío',42);
INSERT INTO ofertas.departamentos(id_aut_dep, nombre, id_pais_fk) values(25,'Risaralda',42);
INSERT INTO ofertas.departamentos(id_aut_dep, nombre, id_pais_fk) values(26,'San Andrés y Providencia',42);
INSERT INTO ofertas.departamentos(id_aut_dep, nombre, id_pais_fk) values(27,'Santander',42);
INSERT INTO ofertas.departamentos(id_aut_dep, nombre, id_pais_fk) values(28,'Sucre',42);
INSERT INTO ofertas.departamentos(id_aut_dep, nombre, id_pais_fk) values(29,'Tolima',42);
INSERT INTO ofertas.departamentos(id_aut_dep, nombre, id_pais_fk) values(30,'Valle del Cauca',42);
INSERT INTO ofertas.departamentos(id_aut_dep, nombre, id_pais_fk) values(31,'Vaupés',42);
INSERT INTO ofertas.departamentos(id_aut_dep, nombre, id_pais_fk) values(32,'Vichada',42);
INSERT INTO ofertas.departamentos(id_aut_dep, nombre, id_pais_fk) values(33,'Bogota',42);


--- ofertas.ciudades  -----------------------------------------------------------------------------------

INSERT INTO ofertas.ciudades(id_aut_ciudad, nombre, id_departamento) values(1,'El Encanto',1);
INSERT INTO ofertas.ciudades(id_aut_ciudad, nombre, id_departamento) values(2,'La Chorrera',1);
INSERT INTO ofertas.ciudades(id_aut_ciudad, nombre, id_departamento) values(3,'La Pedrera',1);
INSERT INTO ofertas.ciudades(id_aut_ciudad, nombre, id_departamento) values(4,'La Victoria',1);
INSERT INTO ofertas.ciudades(id_aut_ciudad, nombre, id_departamento) values(5,'Leticia',1);
INSERT INTO ofertas.ciudades(id_aut_ciudad, nombre, id_departamento) values(6,'Mirití-Paraná',1);
INSERT INTO ofertas.ciudades(id_aut_ciudad, nombre, id_departamento) values(7,'Puerto Alegría',1);
INSERT INTO ofertas.ciudades(id_aut_ciudad, nombre, id_departamento) values(8,'Puerto Arica',1);
INSERT INTO ofertas.ciudades(id_aut_ciudad, nombre, id_departamento) values(9,'Puerto Nariño',1);
INSERT INTO ofertas.ciudades(id_aut_ciudad, nombre, id_departamento) values(10,'Puerto Santander',1);
INSERT INTO ofertas.ciudades(id_aut_ciudad, nombre, id_departamento) values(11,'Tarapacá',1);

INSERT INTO ofertas.ciudades(id_aut_ciudad, nombre, id_departamento) values(12,'Cáceres',2);
INSERT INTO ofertas.ciudades(id_aut_ciudad, nombre, id_departamento) values(13,'Caucasia',2);
INSERT INTO ofertas.ciudades(id_aut_ciudad, nombre, id_departamento) values(14,'El Bagre',2);
INSERT INTO ofertas.ciudades(id_aut_ciudad, nombre, id_departamento) values(15,'Nechí',2);
INSERT INTO ofertas.ciudades(id_aut_ciudad, nombre, id_departamento) values(16,'Tarazá',2);
INSERT INTO ofertas.ciudades(id_aut_ciudad, nombre, id_departamento) values(17,'Zaragoza',2);
INSERT INTO ofertas.ciudades(id_aut_ciudad, nombre, id_departamento) values(18,'Caracolí',2);
INSERT INTO ofertas.ciudades(id_aut_ciudad, nombre, id_departamento) values(19,'Maceo',2);
INSERT INTO ofertas.ciudades(id_aut_ciudad, nombre, id_departamento) values(20,'Puerto Berrío',2);

INSERT INTO ofertas.ciudades(id_aut_ciudad, nombre, id_departamento) values(21,'Arauca',3);
INSERT INTO ofertas.ciudades(id_aut_ciudad, nombre, id_departamento) values(22,'Arauquita',3);
INSERT INTO ofertas.ciudades(id_aut_ciudad, nombre, id_departamento) values(23,'Cravo Norte',3);
INSERT INTO ofertas.ciudades(id_aut_ciudad, nombre, id_departamento) values(24,'Fortul',3);
INSERT INTO ofertas.ciudades(id_aut_ciudad, nombre, id_departamento) values(25,'Puerto Rondón',3);
INSERT INTO ofertas.ciudades(id_aut_ciudad, nombre, id_departamento) values(26,'Saravena',3);
INSERT INTO ofertas.ciudades(id_aut_ciudad, nombre, id_departamento) values(27,'Tame',3);

INSERT INTO ofertas.ciudades(id_aut_ciudad, nombre, id_departamento) values(28,'Baranoa',4);
INSERT INTO ofertas.ciudades(id_aut_ciudad, nombre, id_departamento) values(29,'Barranquilla',4);
INSERT INTO ofertas.ciudades(id_aut_ciudad, nombre, id_departamento) values(30,'Campo de la Cruz',4);
INSERT INTO ofertas.ciudades(id_aut_ciudad, nombre, id_departamento) values(31,'Candelaria',4);
INSERT INTO ofertas.ciudades(id_aut_ciudad, nombre, id_departamento) values(32,'Galapa',4);
INSERT INTO ofertas.ciudades(id_aut_ciudad, nombre, id_departamento) values(33,'Juan de Acosta',4);
INSERT INTO ofertas.ciudades(id_aut_ciudad, nombre, id_departamento) values(34,'Luruaco',4);
INSERT INTO ofertas.ciudades(id_aut_ciudad, nombre, id_departamento) values(35,'Malambo',4);
INSERT INTO ofertas.ciudades(id_aut_ciudad, nombre, id_departamento) values(36,'Manatí',4);
INSERT INTO ofertas.ciudades(id_aut_ciudad, nombre, id_departamento) values(37,'Palmar de Varela',4);
INSERT INTO ofertas.ciudades(id_aut_ciudad, nombre, id_departamento) values(38,'Piojó',4);
INSERT INTO ofertas.ciudades(id_aut_ciudad, nombre, id_departamento) values(39,'Polonuevo',4);
INSERT INTO ofertas.ciudades(id_aut_ciudad, nombre, id_departamento) values(40,'Ponedera',4);
INSERT INTO ofertas.ciudades(id_aut_ciudad, nombre, id_departamento) values(41,'Puerto Colombia',4);
INSERT INTO ofertas.ciudades(id_aut_ciudad, nombre, id_departamento) values(42,'Repelón',4);
INSERT INTO ofertas.ciudades(id_aut_ciudad, nombre, id_departamento) values(43,'Sabanagrande',4);
INSERT INTO ofertas.ciudades(id_aut_ciudad, nombre, id_departamento) values(44,'Sabanalarga',4);
INSERT INTO ofertas.ciudades(id_aut_ciudad, nombre, id_departamento) values(45,'Santa Lucía',4);
INSERT INTO ofertas.ciudades(id_aut_ciudad, nombre, id_departamento) values(46,'Santo Tomás',4);
INSERT INTO ofertas.ciudades(id_aut_ciudad, nombre, id_departamento) values(47,'Tubará',4);
INSERT INTO ofertas.ciudades(id_aut_ciudad, nombre, id_departamento) values(48,'Usiacurí',4);


INSERT INTO ofertas.ciudades(id_aut_ciudad, nombre, id_departamento) values(49,'Achí',5);
INSERT INTO ofertas.ciudades(id_aut_ciudad, nombre, id_departamento) values(50,'Altos del Rosario',5);
INSERT INTO ofertas.ciudades(id_aut_ciudad, nombre, id_departamento) values(51,'Arenal del Sur',5);
INSERT INTO ofertas.ciudades(id_aut_ciudad, nombre, id_departamento) values(52,'Arjona',5);
INSERT INTO ofertas.ciudades(id_aut_ciudad, nombre, id_departamento) values(53,'Arroyohondo',5);
INSERT INTO ofertas.ciudades(id_aut_ciudad, nombre, id_departamento) values(54,'Barranco de Loba',5);
INSERT INTO ofertas.ciudades(id_aut_ciudad, nombre, id_departamento) values(55,'Calamar',5);
INSERT INTO ofertas.ciudades(id_aut_ciudad, nombre, id_departamento) values(56,'Cantagallo',5);
INSERT INTO ofertas.ciudades(id_aut_ciudad, nombre, id_departamento) values(57,'Cartagena de Indias',5);
INSERT INTO ofertas.ciudades(id_aut_ciudad, nombre, id_departamento) values(58,'Cicuco',5);
INSERT INTO ofertas.ciudades(id_aut_ciudad, nombre, id_departamento) values(59,'Clemencia',5);
INSERT INTO ofertas.ciudades(id_aut_ciudad, nombre, id_departamento) values(60,'Córdoba',5);
INSERT INTO ofertas.ciudades(id_aut_ciudad, nombre, id_departamento) values(61,'El Carmen',5);
INSERT INTO ofertas.ciudades(id_aut_ciudad, nombre, id_departamento) values(62,'El Guamo',5);
INSERT INTO ofertas.ciudades(id_aut_ciudad, nombre, id_departamento) values(63,'El Peñón',5);
INSERT INTO ofertas.ciudades(id_aut_ciudad, nombre, id_departamento) values(64,'Hatillo de Loba',5);
INSERT INTO ofertas.ciudades(id_aut_ciudad, nombre, id_departamento) values(65,'Magangué',5);
INSERT INTO ofertas.ciudades(id_aut_ciudad, nombre, id_departamento) values(66,'Mahates',5);
INSERT INTO ofertas.ciudades(id_aut_ciudad, nombre, id_departamento) values(67,'Margarita',5);
INSERT INTO ofertas.ciudades(id_aut_ciudad, nombre, id_departamento) values(68,'Maria La Baja',5);
INSERT INTO ofertas.ciudades(id_aut_ciudad, nombre, id_departamento) values(69,'Montecristo',5);
INSERT INTO ofertas.ciudades(id_aut_ciudad, nombre, id_departamento) values(70,'Morales',5);
INSERT INTO ofertas.ciudades(id_aut_ciudad, nombre, id_departamento) values(71,'Pinillos',5);
INSERT INTO ofertas.ciudades(id_aut_ciudad, nombre, id_departamento) values(72,'Regidor',5);
INSERT INTO ofertas.ciudades(id_aut_ciudad, nombre, id_departamento) values(73,'Río Viejo',5);
INSERT INTO ofertas.ciudades(id_aut_ciudad, nombre, id_departamento) values(74,'San Cristóbal',5);
INSERT INTO ofertas.ciudades(id_aut_ciudad, nombre, id_departamento) values(75,'San Estanislao',5);
INSERT INTO ofertas.ciudades(id_aut_ciudad, nombre, id_departamento) values(76,'San Fernando',5);
INSERT INTO ofertas.ciudades(id_aut_ciudad, nombre, id_departamento) values(77,'San Jacinto',5);
INSERT INTO ofertas.ciudades(id_aut_ciudad, nombre, id_departamento) values(78,'San Jacinto del Cauca',5);
INSERT INTO ofertas.ciudades(id_aut_ciudad, nombre, id_departamento) values(79,'San Juan Nepomuceno',5);
INSERT INTO ofertas.ciudades(id_aut_ciudad, nombre, id_departamento) values(80,'San Martín de Loba',5);
INSERT INTO ofertas.ciudades(id_aut_ciudad, nombre, id_departamento) values(81,'San Pablo',5);
INSERT INTO ofertas.ciudades(id_aut_ciudad, nombre, id_departamento) values(82,'Santa Catalina',5);
INSERT INTO ofertas.ciudades(id_aut_ciudad, nombre, id_departamento) values(83,'Santa Cruz de Mompox',5);
INSERT INTO ofertas.ciudades(id_aut_ciudad, nombre, id_departamento) values(84,'Santa Rosa',5);
INSERT INTO ofertas.ciudades(id_aut_ciudad, nombre, id_departamento) values(85,'Santa Rosa del Sur',5);
INSERT INTO ofertas.ciudades(id_aut_ciudad, nombre, id_departamento) values(86,'Simití',5);
INSERT INTO ofertas.ciudades(id_aut_ciudad, nombre, id_departamento) values(87,'Soplaviento',5);
INSERT INTO ofertas.ciudades(id_aut_ciudad, nombre, id_departamento) values(88,'Talaigua Nuevo',5);
INSERT INTO ofertas.ciudades(id_aut_ciudad, nombre, id_departamento) values(89,'Tiquisio',5);
INSERT INTO ofertas.ciudades(id_aut_ciudad, nombre, id_departamento) values(90,'Turbaco',5);
INSERT INTO ofertas.ciudades(id_aut_ciudad, nombre, id_departamento) values(91,'Turbana',5);
INSERT INTO ofertas.ciudades(id_aut_ciudad, nombre, id_departamento) values(92,'Villanueva',5);
INSERT INTO ofertas.ciudades(id_aut_ciudad, nombre, id_departamento) values(93,'Zambrano',5);


INSERT INTO ofertas.ciudades(id_aut_ciudad, nombre, id_departamento) values(94,'Chíquiza',6);
INSERT INTO ofertas.ciudades(id_aut_ciudad, nombre, id_departamento) values(95,'Chivatá',6);
INSERT INTO ofertas.ciudades(id_aut_ciudad, nombre, id_departamento) values(96,'Cómbita',6);
INSERT INTO ofertas.ciudades(id_aut_ciudad, nombre, id_departamento) values(97,'Cucaita',6);
INSERT INTO ofertas.ciudades(id_aut_ciudad, nombre, id_departamento) values(98,'Motavita',6);
INSERT INTO ofertas.ciudades(id_aut_ciudad, nombre, id_departamento) values(99,'Oicatá',6);
INSERT INTO ofertas.ciudades(id_aut_ciudad, nombre, id_departamento) values(100,'Samacá',6);
INSERT INTO ofertas.ciudades(id_aut_ciudad, nombre, id_departamento) values(101,'Siachoque',6);
INSERT INTO ofertas.ciudades(id_aut_ciudad, nombre, id_departamento) values(102,'Sora',6);
INSERT INTO ofertas.ciudades(id_aut_ciudad, nombre, id_departamento) values(103,'Soracá',6);
INSERT INTO ofertas.ciudades(id_aut_ciudad, nombre, id_departamento) values(104,'Sotaquirá',6);
INSERT INTO ofertas.ciudades(id_aut_ciudad, nombre, id_departamento) values(105,'Toca',6);
INSERT INTO ofertas.ciudades(id_aut_ciudad, nombre, id_departamento) values(106,'Tunja',6);
INSERT INTO ofertas.ciudades(id_aut_ciudad, nombre, id_departamento) values(107,'Tuta',6);
INSERT INTO ofertas.ciudades(id_aut_ciudad, nombre, id_departamento) values(108,'Ventaquemada',6);

INSERT INTO ofertas.ciudades(id_aut_ciudad, nombre, id_departamento) values(109,'Alto Occidente',7);
INSERT INTO ofertas.ciudades(id_aut_ciudad, nombre, id_departamento) values(110,'Alto Oriente',7);
INSERT INTO ofertas.ciudades(id_aut_ciudad, nombre, id_departamento) values(111,'Bajo Occidente',7);
INSERT INTO ofertas.ciudades(id_aut_ciudad, nombre, id_departamento) values(112,'Centrosur',7);
INSERT INTO ofertas.ciudades(id_aut_ciudad, nombre, id_departamento) values(113,'Magdalena Caldense',7);
INSERT INTO ofertas.ciudades(id_aut_ciudad, nombre, id_departamento) values(114,'Norte',7);

INSERT INTO ofertas.ciudades(id_aut_ciudad, nombre, id_departamento) values(115,'Albania',8);
INSERT INTO ofertas.ciudades(id_aut_ciudad, nombre, id_departamento) values(116,'Belén de los Andaquies',8);
INSERT INTO ofertas.ciudades(id_aut_ciudad, nombre, id_departamento) values(117,'Cartagena del Chairá',8);
INSERT INTO ofertas.ciudades(id_aut_ciudad, nombre, id_departamento) values(118,'Currillo',8);
INSERT INTO ofertas.ciudades(id_aut_ciudad, nombre, id_departamento) values(119,'El Doncello',8);
INSERT INTO ofertas.ciudades(id_aut_ciudad, nombre, id_departamento) values(120,'El Paujil',8);
INSERT INTO ofertas.ciudades(id_aut_ciudad, nombre, id_departamento) values(121,'Florencia',8);
INSERT INTO ofertas.ciudades(id_aut_ciudad, nombre, id_departamento) values(122,'La Montañita',8);
INSERT INTO ofertas.ciudades(id_aut_ciudad, nombre, id_departamento) values(123,'Morelia',8);
INSERT INTO ofertas.ciudades(id_aut_ciudad, nombre, id_departamento) values(124,'Puerto Milán',8);
INSERT INTO ofertas.ciudades(id_aut_ciudad, nombre, id_departamento) values(125,'Puerto Rico',8);
INSERT INTO ofertas.ciudades(id_aut_ciudad, nombre, id_departamento) values(126,'San José del Fragua',8);
INSERT INTO ofertas.ciudades(id_aut_ciudad, nombre, id_departamento) values(127,'San Vicente del Caguán',8);
INSERT INTO ofertas.ciudades(id_aut_ciudad, nombre, id_departamento) values(128,'Solano',8);
INSERT INTO ofertas.ciudades(id_aut_ciudad, nombre, id_departamento) values(129,'Solita',8);
INSERT INTO ofertas.ciudades(id_aut_ciudad, nombre, id_departamento) values(130,'Valparaíso',8);


INSERT INTO ofertas.ciudades(id_aut_ciudad, nombre, id_departamento) values(131,'Aguazul',9);
INSERT INTO ofertas.ciudades(id_aut_ciudad, nombre, id_departamento) values(132,'Chámeza',9);
INSERT INTO ofertas.ciudades(id_aut_ciudad, nombre, id_departamento) values(133,'Hato Corozal',9);
INSERT INTO ofertas.ciudades(id_aut_ciudad, nombre, id_departamento) values(134,'La Salina',9);
INSERT INTO ofertas.ciudades(id_aut_ciudad, nombre, id_departamento) values(135,'Maní',9);
INSERT INTO ofertas.ciudades(id_aut_ciudad, nombre, id_departamento) values(136,'Monterrey',9);
INSERT INTO ofertas.ciudades(id_aut_ciudad, nombre, id_departamento) values(137,'Nunchía',9);
INSERT INTO ofertas.ciudades(id_aut_ciudad, nombre, id_departamento) values(138,'Orocué',9);
INSERT INTO ofertas.ciudades(id_aut_ciudad, nombre, id_departamento) values(139,'Paz de Ariporo',9);
INSERT INTO ofertas.ciudades(id_aut_ciudad, nombre, id_departamento) values(140,'Pore',9);
INSERT INTO ofertas.ciudades(id_aut_ciudad, nombre, id_departamento) values(141,'Recetor',9);
INSERT INTO ofertas.ciudades(id_aut_ciudad, nombre, id_departamento) values(142,'Sabanalarga',9);
INSERT INTO ofertas.ciudades(id_aut_ciudad, nombre, id_departamento) values(143,'Sácama',9);
INSERT INTO ofertas.ciudades(id_aut_ciudad, nombre, id_departamento) values(144,'San Luis de Palenque',9);
INSERT INTO ofertas.ciudades(id_aut_ciudad, nombre, id_departamento) values(145,'Támara',9);
INSERT INTO ofertas.ciudades(id_aut_ciudad, nombre, id_departamento) values(146,'Tauramena',9);
INSERT INTO ofertas.ciudades(id_aut_ciudad, nombre, id_departamento) values(147,'Trinidad',9);
INSERT INTO ofertas.ciudades(id_aut_ciudad, nombre, id_departamento) values(148,'Villanueva',9);
INSERT INTO ofertas.ciudades(id_aut_ciudad, nombre, id_departamento) values(149,'Yopal',9);


INSERT INTO ofertas.ciudades(id_aut_ciudad, nombre, id_departamento) values(150,'Buenos Aires',10);
INSERT INTO ofertas.ciudades(id_aut_ciudad, nombre, id_departamento) values(151,'Caloto',10);
INSERT INTO ofertas.ciudades(id_aut_ciudad, nombre, id_departamento) values(152,'Corinto',10);
INSERT INTO ofertas.ciudades(id_aut_ciudad, nombre, id_departamento) values(153,'Guachené',10);
INSERT INTO ofertas.ciudades(id_aut_ciudad, nombre, id_departamento) values(154,'Miranda',10);
INSERT INTO ofertas.ciudades(id_aut_ciudad, nombre, id_departamento) values(155,'Padilla',10);
INSERT INTO ofertas.ciudades(id_aut_ciudad, nombre, id_departamento) values(156,'Puerto Tejada',10);
INSERT INTO ofertas.ciudades(id_aut_ciudad, nombre, id_departamento) values(157,'Santander de Quilichao',10);
INSERT INTO ofertas.ciudades(id_aut_ciudad, nombre, id_departamento) values(158,'Suárez',10);
INSERT INTO ofertas.ciudades(id_aut_ciudad, nombre, id_departamento) values(159,'Villa Rica',10);
INSERT INTO ofertas.ciudades(id_aut_ciudad, nombre, id_departamento) values(160,'Cajibío',10);
INSERT INTO ofertas.ciudades(id_aut_ciudad, nombre, id_departamento) values(161,'El Tambo',10);
INSERT INTO ofertas.ciudades(id_aut_ciudad, nombre, id_departamento) values(162,'La Sierra',10);
INSERT INTO ofertas.ciudades(id_aut_ciudad, nombre, id_departamento) values(163,'Morales',10);
INSERT INTO ofertas.ciudades(id_aut_ciudad, nombre, id_departamento) values(164,'Piendamó',10);
INSERT INTO ofertas.ciudades(id_aut_ciudad, nombre, id_departamento) values(165,'Popayán',10);
INSERT INTO ofertas.ciudades(id_aut_ciudad, nombre, id_departamento) values(166,'Rosas',10);
INSERT INTO ofertas.ciudades(id_aut_ciudad, nombre, id_departamento) values(167,'Sotará',10);
INSERT INTO ofertas.ciudades(id_aut_ciudad, nombre, id_departamento) values(168,'Timbío',10);
INSERT INTO ofertas.ciudades(id_aut_ciudad, nombre, id_departamento) values(169,'Almaguer',10);
INSERT INTO ofertas.ciudades(id_aut_ciudad, nombre, id_departamento) values(170,'Argelia',10);
INSERT INTO ofertas.ciudades(id_aut_ciudad, nombre, id_departamento) values(171,'Balboa',10);
INSERT INTO ofertas.ciudades(id_aut_ciudad, nombre, id_departamento) values(172,'Bolívar',10);
INSERT INTO ofertas.ciudades(id_aut_ciudad, nombre, id_departamento) values(173,'Florencia',10);
INSERT INTO ofertas.ciudades(id_aut_ciudad, nombre, id_departamento) values(174,'La Vega',10);
INSERT INTO ofertas.ciudades(id_aut_ciudad, nombre, id_departamento) values(175,'Mercaderes',10);
INSERT INTO ofertas.ciudades(id_aut_ciudad, nombre, id_departamento) values(176,'Patía',10);
INSERT INTO ofertas.ciudades(id_aut_ciudad, nombre, id_departamento) values(177,'Piamonte',10);
INSERT INTO ofertas.ciudades(id_aut_ciudad, nombre, id_departamento) values(178,'San Sebastián',10);
INSERT INTO ofertas.ciudades(id_aut_ciudad, nombre, id_departamento) values(179,'Santa Rosa',10);
INSERT INTO ofertas.ciudades(id_aut_ciudad, nombre, id_departamento) values(180,'Sucre',10);
INSERT INTO ofertas.ciudades(id_aut_ciudad, nombre, id_departamento) values(181,'Guapí',10);
INSERT INTO ofertas.ciudades(id_aut_ciudad, nombre, id_departamento) values(182,'López de Micay',10);
INSERT INTO ofertas.ciudades(id_aut_ciudad, nombre, id_departamento) values(183,'Timbiquí',10);
INSERT INTO ofertas.ciudades(id_aut_ciudad, nombre, id_departamento) values(184,'Caldono',10);
INSERT INTO ofertas.ciudades(id_aut_ciudad, nombre, id_departamento) values(185,'Inzá',10);
INSERT INTO ofertas.ciudades(id_aut_ciudad, nombre, id_departamento) values(186,'Jambaló',10);
INSERT INTO ofertas.ciudades(id_aut_ciudad, nombre, id_departamento) values(187,'Páez',10);
INSERT INTO ofertas.ciudades(id_aut_ciudad, nombre, id_departamento) values(188,'Puracé',10);
INSERT INTO ofertas.ciudades(id_aut_ciudad, nombre, id_departamento) values(189,'Silvia',10);
INSERT INTO ofertas.ciudades(id_aut_ciudad, nombre, id_departamento) values(190,'Toribío',10);
INSERT INTO ofertas.ciudades(id_aut_ciudad, nombre, id_departamento) values(191,'Totoró',10);


INSERT INTO ofertas.ciudades(id_aut_ciudad, nombre, id_departamento) values(192,'Valledupar',11);
INSERT INTO ofertas.ciudades(id_aut_ciudad, nombre, id_departamento) values(193,'Aguachica',11);
INSERT INTO ofertas.ciudades(id_aut_ciudad, nombre, id_departamento) values(194,'Agustín Codazzi',11);
INSERT INTO ofertas.ciudades(id_aut_ciudad, nombre, id_departamento) values(195,'Bosconia',11);
INSERT INTO ofertas.ciudades(id_aut_ciudad, nombre, id_departamento) values(196,'Chimichagua',11);
INSERT INTO ofertas.ciudades(id_aut_ciudad, nombre, id_departamento) values(197,'El Copey',11);
INSERT INTO ofertas.ciudades(id_aut_ciudad, nombre, id_departamento) values(198,'San Alberto',11);
INSERT INTO ofertas.ciudades(id_aut_ciudad, nombre, id_departamento) values(199,'Curumaní',11);
INSERT INTO ofertas.ciudades(id_aut_ciudad, nombre, id_departamento) values(200,'El Paso',11);
INSERT INTO ofertas.ciudades(id_aut_ciudad, nombre, id_departamento) values(201,'La Paz',11);
INSERT INTO ofertas.ciudades(id_aut_ciudad, nombre, id_departamento) values(202,'Pueblo Bello',11);
INSERT INTO ofertas.ciudades(id_aut_ciudad, nombre, id_departamento) values(203,'La Jagua de Ibirico',11);
INSERT INTO ofertas.ciudades(id_aut_ciudad, nombre, id_departamento) values(204,'Chiriguaná',11);
INSERT INTO ofertas.ciudades(id_aut_ciudad, nombre, id_departamento) values(205,'Astrea',11);
INSERT INTO ofertas.ciudades(id_aut_ciudad, nombre, id_departamento) values(206,'San Martín',11);
INSERT INTO ofertas.ciudades(id_aut_ciudad, nombre, id_departamento) values(207,'Pelaya',11);
INSERT INTO ofertas.ciudades(id_aut_ciudad, nombre, id_departamento) values(208,'Pailitas',11);
INSERT INTO ofertas.ciudades(id_aut_ciudad, nombre, id_departamento) values(209,'Gamarra',11);
INSERT INTO ofertas.ciudades(id_aut_ciudad, nombre, id_departamento) values(210,'Manaure Balcón del Cesar',11);
INSERT INTO ofertas.ciudades(id_aut_ciudad, nombre, id_departamento) values(211,'Río de Oro',11);
INSERT INTO ofertas.ciudades(id_aut_ciudad, nombre, id_departamento) values(212,'Tamalameque',11);
INSERT INTO ofertas.ciudades(id_aut_ciudad, nombre, id_departamento) values(213,'Becerril',11);
INSERT INTO ofertas.ciudades(id_aut_ciudad, nombre, id_departamento) values(214,'San Diego',11);
INSERT INTO ofertas.ciudades(id_aut_ciudad, nombre, id_departamento) values(215,'La Gloria',11);
INSERT INTO ofertas.ciudades(id_aut_ciudad, nombre, id_departamento) values(216,'González',11);




INSERT INTO ofertas.ciudades(id_aut_ciudad, nombre, id_departamento) values(217,'Acandí',12);
INSERT INTO ofertas.ciudades(id_aut_ciudad, nombre, id_departamento) values(218,'Alto Baudó',12);
INSERT INTO ofertas.ciudades(id_aut_ciudad, nombre, id_departamento) values(219,'Atrato',12);
INSERT INTO ofertas.ciudades(id_aut_ciudad, nombre, id_departamento) values(220,'Bagadó',12);
INSERT INTO ofertas.ciudades(id_aut_ciudad, nombre, id_departamento) values(221,'Bahía Solano',12);
INSERT INTO ofertas.ciudades(id_aut_ciudad, nombre, id_departamento) values(222,'Bajo Baudó',12);
INSERT INTO ofertas.ciudades(id_aut_ciudad, nombre, id_departamento) values(223,'Bojayá',12);
INSERT INTO ofertas.ciudades(id_aut_ciudad, nombre, id_departamento) values(224,'Cértegui',12);
INSERT INTO ofertas.ciudades(id_aut_ciudad, nombre, id_departamento) values(225,'Condoto',12);
INSERT INTO ofertas.ciudades(id_aut_ciudad, nombre, id_departamento) values(226,'El Cantón de San Pablo',12);
INSERT INTO ofertas.ciudades(id_aut_ciudad, nombre, id_departamento) values(227,'El Carmen de Atrato',12);
INSERT INTO ofertas.ciudades(id_aut_ciudad, nombre, id_departamento) values(228,'El Carmen del Darién',12);
INSERT INTO ofertas.ciudades(id_aut_ciudad, nombre, id_departamento) values(229,'El Litoral de San Juan',12);
INSERT INTO ofertas.ciudades(id_aut_ciudad, nombre, id_departamento) values(230,'Istmina',12);
INSERT INTO ofertas.ciudades(id_aut_ciudad, nombre, id_departamento) values(231,'Juradó',12);
INSERT INTO ofertas.ciudades(id_aut_ciudad, nombre, id_departamento) values(232,'Lloró',12);
--INSERT INTO ofertas.ciudades(id_aut_ciudad, nombre, id_departamento) values(233,'Medio Atrato',12);
INSERT INTO ofertas.ciudades(id_aut_ciudad, nombre, id_departamento) values(234,'Medio Atrato',12);
INSERT INTO ofertas.ciudades(id_aut_ciudad, nombre, id_departamento) values(235,'Medio San Juan',12);
INSERT INTO ofertas.ciudades(id_aut_ciudad, nombre, id_departamento) values(236,'Nóvita',12);
INSERT INTO ofertas.ciudades(id_aut_ciudad, nombre, id_departamento) values(237,'Nuquí',12);
INSERT INTO ofertas.ciudades(id_aut_ciudad, nombre, id_departamento) values(238,'Quibdó',12);
INSERT INTO ofertas.ciudades(id_aut_ciudad, nombre, id_departamento) values(239,'Río Iró',12);
INSERT INTO ofertas.ciudades(id_aut_ciudad, nombre, id_departamento) values(240,'Río Quito',12);
INSERT INTO ofertas.ciudades(id_aut_ciudad, nombre, id_departamento) values(241,'Riosucio',12);
INSERT INTO ofertas.ciudades(id_aut_ciudad, nombre, id_departamento) values(242,'San José del Palmar',12);
INSERT INTO ofertas.ciudades(id_aut_ciudad, nombre, id_departamento) values(243,'Sipí',12);
INSERT INTO ofertas.ciudades(id_aut_ciudad, nombre, id_departamento) values(244,'Tadó',12);
INSERT INTO ofertas.ciudades(id_aut_ciudad, nombre, id_departamento) values(245,'Unguía',12);
INSERT INTO ofertas.ciudades(id_aut_ciudad, nombre, id_departamento) values(246,'Unión Panamericana',12);



INSERT INTO ofertas.ciudades(id_aut_ciudad, nombre, id_departamento) values(247,'Ayapel',13);
INSERT INTO ofertas.ciudades(id_aut_ciudad, nombre, id_departamento) values(248,'Buenavista',13);
INSERT INTO ofertas.ciudades(id_aut_ciudad, nombre, id_departamento) values(249,'Canalete',13);
INSERT INTO ofertas.ciudades(id_aut_ciudad, nombre, id_departamento) values(250,'Cereté',13);
INSERT INTO ofertas.ciudades(id_aut_ciudad, nombre, id_departamento) values(251,'Chimá',13);
INSERT INTO ofertas.ciudades(id_aut_ciudad, nombre, id_departamento) values(252,'Chinú',13);
INSERT INTO ofertas.ciudades(id_aut_ciudad, nombre, id_departamento) values(253,'Ciénaga de Oro',13);
INSERT INTO ofertas.ciudades(id_aut_ciudad, nombre, id_departamento) values(254,'Cotorra',13);
INSERT INTO ofertas.ciudades(id_aut_ciudad, nombre, id_departamento) values(255,'La Apartada',13);
INSERT INTO ofertas.ciudades(id_aut_ciudad, nombre, id_departamento) values(256,'Los Córdobas',13);
INSERT INTO ofertas.ciudades(id_aut_ciudad, nombre, id_departamento) values(257,'Momil',13);
INSERT INTO ofertas.ciudades(id_aut_ciudad, nombre, id_departamento) values(258,'Montelíbano',13);
INSERT INTO ofertas.ciudades(id_aut_ciudad, nombre, id_departamento) values(259,'Montería',13);
INSERT INTO ofertas.ciudades(id_aut_ciudad, nombre, id_departamento) values(260,'Moñitos',13);
INSERT INTO ofertas.ciudades(id_aut_ciudad, nombre, id_departamento) values(261,'Planeta Rica',13);
INSERT INTO ofertas.ciudades(id_aut_ciudad, nombre, id_departamento) values(262,'Pueblo Nuevo',13);
INSERT INTO ofertas.ciudades(id_aut_ciudad, nombre, id_departamento) values(263,'Puerto Escondido',13);
INSERT INTO ofertas.ciudades(id_aut_ciudad, nombre, id_departamento) values(264,'Puerto Libertador',13);
INSERT INTO ofertas.ciudades(id_aut_ciudad, nombre, id_departamento) values(265,'Purísima',13);
INSERT INTO ofertas.ciudades(id_aut_ciudad, nombre, id_departamento) values(266,'Sahagún',13);
INSERT INTO ofertas.ciudades(id_aut_ciudad, nombre, id_departamento) values(267,'San Andrés de Sotavento',13);
INSERT INTO ofertas.ciudades(id_aut_ciudad, nombre, id_departamento) values(268,'San Antero',13);
INSERT INTO ofertas.ciudades(id_aut_ciudad, nombre, id_departamento) values(269,'San Bernardo del Viento',13);
INSERT INTO ofertas.ciudades(id_aut_ciudad, nombre, id_departamento) values(270,'San Carlos',13);
INSERT INTO ofertas.ciudades(id_aut_ciudad, nombre, id_departamento) values(271,'San José de Uré',13);
INSERT INTO ofertas.ciudades(id_aut_ciudad, nombre, id_departamento) values(272,'San Pelayo',13);
INSERT INTO ofertas.ciudades(id_aut_ciudad, nombre, id_departamento) values(273,'Santa Cruz de Lorica',13);
INSERT INTO ofertas.ciudades(id_aut_ciudad, nombre, id_departamento) values(274,'Tierralta',13);
INSERT INTO ofertas.ciudades(id_aut_ciudad, nombre, id_departamento) values(275,'Tuchín',13);
INSERT INTO ofertas.ciudades(id_aut_ciudad, nombre, id_departamento) values(276,'Valencia',13);


INSERT INTO ofertas.ciudades(id_aut_ciudad, nombre, id_departamento) values(277,'Chocontá',14);
INSERT INTO ofertas.ciudades(id_aut_ciudad, nombre, id_departamento) values(278,'Machetá',14);
INSERT INTO ofertas.ciudades(id_aut_ciudad, nombre, id_departamento) values(279,'Manta',14);
INSERT INTO ofertas.ciudades(id_aut_ciudad, nombre, id_departamento) values(280,'Sesquilé',14);
INSERT INTO ofertas.ciudades(id_aut_ciudad, nombre, id_departamento) values(281,'Suesca',14);
INSERT INTO ofertas.ciudades(id_aut_ciudad, nombre, id_departamento) values(282,'Tibirita',14);
INSERT INTO ofertas.ciudades(id_aut_ciudad, nombre, id_departamento) values(283,'Villapinzón',14);
INSERT INTO ofertas.ciudades(id_aut_ciudad, nombre, id_departamento) values(284,'Agua de Dios',14);
INSERT INTO ofertas.ciudades(id_aut_ciudad, nombre, id_departamento) values(285,'Girardot',14);
INSERT INTO ofertas.ciudades(id_aut_ciudad, nombre, id_departamento) values(286,'Guataquí',14);
INSERT INTO ofertas.ciudades(id_aut_ciudad, nombre, id_departamento) values(287,'Jerusalén',14);
INSERT INTO ofertas.ciudades(id_aut_ciudad, nombre, id_departamento) values(288,'Nariño',14);
INSERT INTO ofertas.ciudades(id_aut_ciudad, nombre, id_departamento) values(289,'Nilo',14);
INSERT INTO ofertas.ciudades(id_aut_ciudad, nombre, id_departamento) values(290,'Ricaurte',14);
INSERT INTO ofertas.ciudades(id_aut_ciudad, nombre, id_departamento) values(291,'Tocaima',14);
INSERT INTO ofertas.ciudades(id_aut_ciudad, nombre, id_departamento) values(292,'Caparrapí',14);
INSERT INTO ofertas.ciudades(id_aut_ciudad, nombre, id_departamento) values(293,'Guaduas',14);
INSERT INTO ofertas.ciudades(id_aut_ciudad, nombre, id_departamento) values(294,'Puerto Salgar',14);
INSERT INTO ofertas.ciudades(id_aut_ciudad, nombre, id_departamento) values(295,'Albán',14);
INSERT INTO ofertas.ciudades(id_aut_ciudad, nombre, id_departamento) values(296,'La Peña',14);
INSERT INTO ofertas.ciudades(id_aut_ciudad, nombre, id_departamento) values(297,'La Vega',14);
INSERT INTO ofertas.ciudades(id_aut_ciudad, nombre, id_departamento) values(298,'Nimaima',14);
INSERT INTO ofertas.ciudades(id_aut_ciudad, nombre, id_departamento) values(299,'Nocaima',14);
INSERT INTO ofertas.ciudades(id_aut_ciudad, nombre, id_departamento) values(300,'Quebradanegra',14);
INSERT INTO ofertas.ciudades(id_aut_ciudad, nombre, id_departamento) values(301,'San Francisco',14);
INSERT INTO ofertas.ciudades(id_aut_ciudad, nombre, id_departamento) values(302,'Sasaima',14);
INSERT INTO ofertas.ciudades(id_aut_ciudad, nombre, id_departamento) values(303,'Supatá',14);
INSERT INTO ofertas.ciudades(id_aut_ciudad, nombre, id_departamento) values(304,'Útica',14);
INSERT INTO ofertas.ciudades(id_aut_ciudad, nombre, id_departamento) values(305,'Vergara',14);
INSERT INTO ofertas.ciudades(id_aut_ciudad, nombre, id_departamento) values(306,'Villeta',14);
INSERT INTO ofertas.ciudades(id_aut_ciudad, nombre, id_departamento) values(307,'Gachalá',14);
INSERT INTO ofertas.ciudades(id_aut_ciudad, nombre, id_departamento) values(308,'Gachetá',14);
INSERT INTO ofertas.ciudades(id_aut_ciudad, nombre, id_departamento) values(309,'Gama',14);
INSERT INTO ofertas.ciudades(id_aut_ciudad, nombre, id_departamento) values(310,'Guasca',14);
INSERT INTO ofertas.ciudades(id_aut_ciudad, nombre, id_departamento) values(311,'Guatavita',14);
INSERT INTO ofertas.ciudades(id_aut_ciudad, nombre, id_departamento) values(312,'Junín',14);
INSERT INTO ofertas.ciudades(id_aut_ciudad, nombre, id_departamento) values(313,'La Calera',14);
INSERT INTO ofertas.ciudades(id_aut_ciudad, nombre, id_departamento) values(314,'Ubalá',14);
INSERT INTO ofertas.ciudades(id_aut_ciudad, nombre, id_departamento) values(315,'Beltrán',14);
INSERT INTO ofertas.ciudades(id_aut_ciudad, nombre, id_departamento) values(316,'Bituima',14);
INSERT INTO ofertas.ciudades(id_aut_ciudad, nombre, id_departamento) values(317,'Chaguaní',14);
INSERT INTO ofertas.ciudades(id_aut_ciudad, nombre, id_departamento) values(318,'Guayabal de Síquima',14);
INSERT INTO ofertas.ciudades(id_aut_ciudad, nombre, id_departamento) values(319,'Pulí',14);
INSERT INTO ofertas.ciudades(id_aut_ciudad, nombre, id_departamento) values(320,'San Juan de Rioseco',14);
INSERT INTO ofertas.ciudades(id_aut_ciudad, nombre, id_departamento) values(321,'Vianí',14);
INSERT INTO ofertas.ciudades(id_aut_ciudad, nombre, id_departamento) values(322,'Medina',14);
INSERT INTO ofertas.ciudades(id_aut_ciudad, nombre, id_departamento) values(323,'Paratebueno',14);
INSERT INTO ofertas.ciudades(id_aut_ciudad, nombre, id_departamento) values(324,'Cáqueza',14);
INSERT INTO ofertas.ciudades(id_aut_ciudad, nombre, id_departamento) values(325,'Chipaque',14);
INSERT INTO ofertas.ciudades(id_aut_ciudad, nombre, id_departamento) values(326,'Choachí',14);
INSERT INTO ofertas.ciudades(id_aut_ciudad, nombre, id_departamento) values(327,'Fómeque',14);
INSERT INTO ofertas.ciudades(id_aut_ciudad, nombre, id_departamento) values(328,'Fosca',14);
INSERT INTO ofertas.ciudades(id_aut_ciudad, nombre, id_departamento) values(329,'Guayabetal',14);
INSERT INTO ofertas.ciudades(id_aut_ciudad, nombre, id_departamento) values(330,'Gutiérrez',14);
INSERT INTO ofertas.ciudades(id_aut_ciudad, nombre, id_departamento) values(331,'Quetame',14);
INSERT INTO ofertas.ciudades(id_aut_ciudad, nombre, id_departamento) values(332,'Ubaque',14);
INSERT INTO ofertas.ciudades(id_aut_ciudad, nombre, id_departamento) values(333,'Une',14);
INSERT INTO ofertas.ciudades(id_aut_ciudad, nombre, id_departamento) values(334,'El Peñón',14);
INSERT INTO ofertas.ciudades(id_aut_ciudad, nombre, id_departamento) values(335,'La Palma',14);
INSERT INTO ofertas.ciudades(id_aut_ciudad, nombre, id_departamento) values(336,'Pacho',14);
INSERT INTO ofertas.ciudades(id_aut_ciudad, nombre, id_departamento) values(337,'Paime',14);
INSERT INTO ofertas.ciudades(id_aut_ciudad, nombre, id_departamento) values(338,'San Cayetano',14);
INSERT INTO ofertas.ciudades(id_aut_ciudad, nombre, id_departamento) values(339,'Topaipí',14);
INSERT INTO ofertas.ciudades(id_aut_ciudad, nombre, id_departamento) values(340,'Villagómez',14);
INSERT INTO ofertas.ciudades(id_aut_ciudad, nombre, id_departamento) values(341,'Yacopí',14);
INSERT INTO ofertas.ciudades(id_aut_ciudad, nombre, id_departamento) values(342,'Cajicá',14);
INSERT INTO ofertas.ciudades(id_aut_ciudad, nombre, id_departamento) values(343,'Chía',14);
INSERT INTO ofertas.ciudades(id_aut_ciudad, nombre, id_departamento) values(344,'Cogua',14);
INSERT INTO ofertas.ciudades(id_aut_ciudad, nombre, id_departamento) values(345,'Cota',14);
INSERT INTO ofertas.ciudades(id_aut_ciudad, nombre, id_departamento) values(346,'Gachancipá',14);
INSERT INTO ofertas.ciudades(id_aut_ciudad, nombre, id_departamento) values(347,'Nemocón',14);
INSERT INTO ofertas.ciudades(id_aut_ciudad, nombre, id_departamento) values(348,'Sopó',14);
INSERT INTO ofertas.ciudades(id_aut_ciudad, nombre, id_departamento) values(349,'Tabio',14);
INSERT INTO ofertas.ciudades(id_aut_ciudad, nombre, id_departamento) values(350,'Tenjo',14);
INSERT INTO ofertas.ciudades(id_aut_ciudad, nombre, id_departamento) values(351,'Tocancipá',14);
INSERT INTO ofertas.ciudades(id_aut_ciudad, nombre, id_departamento) values(352,'Zipaquirá',14);
INSERT INTO ofertas.ciudades(id_aut_ciudad, nombre, id_departamento) values(353,'Bojacá',14);
INSERT INTO ofertas.ciudades(id_aut_ciudad, nombre, id_departamento) values(354,'El Rosal',14);
INSERT INTO ofertas.ciudades(id_aut_ciudad, nombre, id_departamento) values(355,'Facatativá',14);
INSERT INTO ofertas.ciudades(id_aut_ciudad, nombre, id_departamento) values(356,'Funza',14);
INSERT INTO ofertas.ciudades(id_aut_ciudad, nombre, id_departamento) values(357,'Madrid',14);
INSERT INTO ofertas.ciudades(id_aut_ciudad, nombre, id_departamento) values(358,'Mosquera',14);
INSERT INTO ofertas.ciudades(id_aut_ciudad, nombre, id_departamento) values(359,'Subachoque',14);
INSERT INTO ofertas.ciudades(id_aut_ciudad, nombre, id_departamento) values(360,'Zipacón',14);
INSERT INTO ofertas.ciudades(id_aut_ciudad, nombre, id_departamento) values(361,'Sibaté',14);
INSERT INTO ofertas.ciudades(id_aut_ciudad, nombre, id_departamento) values(362,'Soacha',14);
INSERT INTO ofertas.ciudades(id_aut_ciudad, nombre, id_departamento) values(363,'Arbeláez',14);
INSERT INTO ofertas.ciudades(id_aut_ciudad, nombre, id_departamento) values(364,'Cabrera',14);
INSERT INTO ofertas.ciudades(id_aut_ciudad, nombre, id_departamento) values(365,'Fusagasugá',14);
INSERT INTO ofertas.ciudades(id_aut_ciudad, nombre, id_departamento) values(366,'Granada',14);
INSERT INTO ofertas.ciudades(id_aut_ciudad, nombre, id_departamento) values(367,'Pandi',14);
INSERT INTO ofertas.ciudades(id_aut_ciudad, nombre, id_departamento) values(368,'Pasca',14);
INSERT INTO ofertas.ciudades(id_aut_ciudad, nombre, id_departamento) values(369,'San Bernardo',14);
INSERT INTO ofertas.ciudades(id_aut_ciudad, nombre, id_departamento) values(370,'Silvania',14);
INSERT INTO ofertas.ciudades(id_aut_ciudad, nombre, id_departamento) values(371,'Tibacuy',14);
INSERT INTO ofertas.ciudades(id_aut_ciudad, nombre, id_departamento) values(372,'Venecia',14);
INSERT INTO ofertas.ciudades(id_aut_ciudad, nombre, id_departamento) values(373,'Anapoima',14);
INSERT INTO ofertas.ciudades(id_aut_ciudad, nombre, id_departamento) values(374,'Anolaima',14);
INSERT INTO ofertas.ciudades(id_aut_ciudad, nombre, id_departamento) values(375,'Apulo',14);
INSERT INTO ofertas.ciudades(id_aut_ciudad, nombre, id_departamento) values(376,'Cachipay',14);
INSERT INTO ofertas.ciudades(id_aut_ciudad, nombre, id_departamento) values(377,'El Colegio',14);
INSERT INTO ofertas.ciudades(id_aut_ciudad, nombre, id_departamento) values(378,'La Mesa',14);
INSERT INTO ofertas.ciudades(id_aut_ciudad, nombre, id_departamento) values(379,'Quipile',14);
INSERT INTO ofertas.ciudades(id_aut_ciudad, nombre, id_departamento) values(380,'San Antonio del Tequendama',14);
INSERT INTO ofertas.ciudades(id_aut_ciudad, nombre, id_departamento) values(381,'Tena',14);
INSERT INTO ofertas.ciudades(id_aut_ciudad, nombre, id_departamento) values(382,'Viotá',14);
INSERT INTO ofertas.ciudades(id_aut_ciudad, nombre, id_departamento) values(383,'Carmen de Carupa',14);
INSERT INTO ofertas.ciudades(id_aut_ciudad, nombre, id_departamento) values(384,'Cucunubá',14);
INSERT INTO ofertas.ciudades(id_aut_ciudad, nombre, id_departamento) values(385,'Fúquene',14);
INSERT INTO ofertas.ciudades(id_aut_ciudad, nombre, id_departamento) values(386,'Guachetá',14);
INSERT INTO ofertas.ciudades(id_aut_ciudad, nombre, id_departamento) values(387,'Lenguazaque',14);
INSERT INTO ofertas.ciudades(id_aut_ciudad, nombre, id_departamento) values(388,'Simijaca',14);
INSERT INTO ofertas.ciudades(id_aut_ciudad, nombre, id_departamento) values(389,'Susa',14);
INSERT INTO ofertas.ciudades(id_aut_ciudad, nombre, id_departamento) values(390,'Sutatausa',14);
INSERT INTO ofertas.ciudades(id_aut_ciudad, nombre, id_departamento) values(391,'Tausa',14);
INSERT INTO ofertas.ciudades(id_aut_ciudad, nombre, id_departamento) values(392,'Ubaté',14);

INSERT INTO ofertas.ciudades(id_aut_ciudad, nombre, id_departamento) values(393,'Barrancominas',15);
INSERT INTO ofertas.ciudades(id_aut_ciudad, nombre, id_departamento) values(394,'Cacahual',15);
INSERT INTO ofertas.ciudades(id_aut_ciudad, nombre, id_departamento) values(395,'Inírida',15);
INSERT INTO ofertas.ciudades(id_aut_ciudad, nombre, id_departamento) values(396,'La Guadalupe',15);
INSERT INTO ofertas.ciudades(id_aut_ciudad, nombre, id_departamento) values(397,'Morichal Nuevo',15);
INSERT INTO ofertas.ciudades(id_aut_ciudad, nombre, id_departamento) values(398,'Pana Pana',15);
INSERT INTO ofertas.ciudades(id_aut_ciudad, nombre, id_departamento) values(399,'Puerto Colombia',15);
INSERT INTO ofertas.ciudades(id_aut_ciudad, nombre, id_departamento) values(400,'San Felipe',15);

INSERT INTO ofertas.ciudades(id_aut_ciudad, nombre, id_departamento) values(401,'Calamar',16);
INSERT INTO ofertas.ciudades(id_aut_ciudad, nombre, id_departamento) values(402,'El Retorno',16);
INSERT INTO ofertas.ciudades(id_aut_ciudad, nombre, id_departamento) values(403,'Miraflores',16);
INSERT INTO ofertas.ciudades(id_aut_ciudad, nombre, id_departamento) values(404,'San José del Guaviare',16);

INSERT INTO ofertas.ciudades(id_aut_ciudad, nombre, id_departamento) values(405,'Aipe',17);
INSERT INTO ofertas.ciudades(id_aut_ciudad, nombre, id_departamento) values(406,'Algeciras',17);
INSERT INTO ofertas.ciudades(id_aut_ciudad, nombre, id_departamento) values(407,'Baraya',17);
INSERT INTO ofertas.ciudades(id_aut_ciudad, nombre, id_departamento) values(408,'Campoalegre',17);
INSERT INTO ofertas.ciudades(id_aut_ciudad, nombre, id_departamento) values(409,'Colombia',17);
INSERT INTO ofertas.ciudades(id_aut_ciudad, nombre, id_departamento) values(410,'Hobo',17);
INSERT INTO ofertas.ciudades(id_aut_ciudad, nombre, id_departamento) values(411,'Íquira',17);
INSERT INTO ofertas.ciudades(id_aut_ciudad, nombre, id_departamento) values(412,'Neiva',17);
INSERT INTO ofertas.ciudades(id_aut_ciudad, nombre, id_departamento) values(413,'Palermo',17);
INSERT INTO ofertas.ciudades(id_aut_ciudad, nombre, id_departamento) values(414,'Rivera',17);
INSERT INTO ofertas.ciudades(id_aut_ciudad, nombre, id_departamento) values(415,'Santa María',17);
INSERT INTO ofertas.ciudades(id_aut_ciudad, nombre, id_departamento) values(416,'Tello',17);
INSERT INTO ofertas.ciudades(id_aut_ciudad, nombre, id_departamento) values(417,'Teruel',17);
INSERT INTO ofertas.ciudades(id_aut_ciudad, nombre, id_departamento) values(418,'Villavieja',17);
INSERT INTO ofertas.ciudades(id_aut_ciudad, nombre, id_departamento) values(419,'Yaguará',17);
INSERT INTO ofertas.ciudades(id_aut_ciudad, nombre, id_departamento) values(420,'Agrado',17);
INSERT INTO ofertas.ciudades(id_aut_ciudad, nombre, id_departamento) values(421,'Altamira',17);
INSERT INTO ofertas.ciudades(id_aut_ciudad, nombre, id_departamento) values(422,'Garzón',17);
INSERT INTO ofertas.ciudades(id_aut_ciudad, nombre, id_departamento) values(423,'Gigante',17);
INSERT INTO ofertas.ciudades(id_aut_ciudad, nombre, id_departamento) values(424,'Guadalupe',17);
INSERT INTO ofertas.ciudades(id_aut_ciudad, nombre, id_departamento) values(425,'Pital',17);
INSERT INTO ofertas.ciudades(id_aut_ciudad, nombre, id_departamento) values(426,'Suaza',17);
INSERT INTO ofertas.ciudades(id_aut_ciudad, nombre, id_departamento) values(427,'Tarqui',17);
INSERT INTO ofertas.ciudades(id_aut_ciudad, nombre, id_departamento) values(428,'La Argentina',17);
INSERT INTO ofertas.ciudades(id_aut_ciudad, nombre, id_departamento) values(429,'La Plata',17);
INSERT INTO ofertas.ciudades(id_aut_ciudad, nombre, id_departamento) values(430,'Nátaga',17);
INSERT INTO ofertas.ciudades(id_aut_ciudad, nombre, id_departamento) values(431,'Paicol',17);
INSERT INTO ofertas.ciudades(id_aut_ciudad, nombre, id_departamento) values(432,'Tesalia',17);
INSERT INTO ofertas.ciudades(id_aut_ciudad, nombre, id_departamento) values(433,'Acevedo',17);
INSERT INTO ofertas.ciudades(id_aut_ciudad, nombre, id_departamento) values(434,'Elías',17);
INSERT INTO ofertas.ciudades(id_aut_ciudad, nombre, id_departamento) values(435,'Isnos',17);
INSERT INTO ofertas.ciudades(id_aut_ciudad, nombre, id_departamento) values(436,'Oporapa',17);
INSERT INTO ofertas.ciudades(id_aut_ciudad, nombre, id_departamento) values(437,'Palestina',17);
INSERT INTO ofertas.ciudades(id_aut_ciudad, nombre, id_departamento) values(438,'Pitalito',17);
INSERT INTO ofertas.ciudades(id_aut_ciudad, nombre, id_departamento) values(439,'Saladoblanco',17);
INSERT INTO ofertas.ciudades(id_aut_ciudad, nombre, id_departamento) values(440,'San Agustín',17);
INSERT INTO ofertas.ciudades(id_aut_ciudad, nombre, id_departamento) values(441,'Timaná',17);


INSERT INTO ofertas.ciudades(id_aut_ciudad, nombre, id_departamento) values(442,'Riohacha',18);
INSERT INTO ofertas.ciudades(id_aut_ciudad, nombre, id_departamento) values(443,'Albania',18);
INSERT INTO ofertas.ciudades(id_aut_ciudad, nombre, id_departamento) values(444,'Barrancas',18);
INSERT INTO ofertas.ciudades(id_aut_ciudad, nombre, id_departamento) values(445,'Dibulla',18);
INSERT INTO ofertas.ciudades(id_aut_ciudad, nombre, id_departamento) values(446,'Distracción',18);
INSERT INTO ofertas.ciudades(id_aut_ciudad, nombre, id_departamento) values(447,'El Molino',18);
INSERT INTO ofertas.ciudades(id_aut_ciudad, nombre, id_departamento) values(448,'Fonseca',18);
INSERT INTO ofertas.ciudades(id_aut_ciudad, nombre, id_departamento) values(449,'Hatonuevo',18);
INSERT INTO ofertas.ciudades(id_aut_ciudad, nombre, id_departamento) values(450,'La Jagua del Pilar',18);
INSERT INTO ofertas.ciudades(id_aut_ciudad, nombre, id_departamento) values(451,'Maicao',18);
INSERT INTO ofertas.ciudades(id_aut_ciudad, nombre, id_departamento) values(452,'Manaure',18);
INSERT INTO ofertas.ciudades(id_aut_ciudad, nombre, id_departamento) values(453,'San Juan del Cesar',18);
INSERT INTO ofertas.ciudades(id_aut_ciudad, nombre, id_departamento) values(454,'Uribia',18);
INSERT INTO ofertas.ciudades(id_aut_ciudad, nombre, id_departamento) values(455,'Urumita',18);
INSERT INTO ofertas.ciudades(id_aut_ciudad, nombre, id_departamento) values(456,'Villanueva',18);

INSERT INTO ofertas.ciudades(id_aut_ciudad, nombre, id_departamento) values(457,'Santa Marta',19);
INSERT INTO ofertas.ciudades(id_aut_ciudad, nombre, id_departamento) values(458,'Algarrobo',19);
INSERT INTO ofertas.ciudades(id_aut_ciudad, nombre, id_departamento) values(459,'Aracataca',19);
INSERT INTO ofertas.ciudades(id_aut_ciudad, nombre, id_departamento) values(460,'Arifuani',19);
INSERT INTO ofertas.ciudades(id_aut_ciudad, nombre, id_departamento) values(461,'Cerro de San Antonio',19);
INSERT INTO ofertas.ciudades(id_aut_ciudad, nombre, id_departamento) values(462,'Chivolo',19);
INSERT INTO ofertas.ciudades(id_aut_ciudad, nombre, id_departamento) values(463,'Cienega',19);
INSERT INTO ofertas.ciudades(id_aut_ciudad, nombre, id_departamento) values(464,'Concordia',19);
INSERT INTO ofertas.ciudades(id_aut_ciudad, nombre, id_departamento) values(465,'El Banco',19);
INSERT INTO ofertas.ciudades(id_aut_ciudad, nombre, id_departamento) values(466,'El Piñon',19);
INSERT INTO ofertas.ciudades(id_aut_ciudad, nombre, id_departamento) values(467,'El Reten',19);
INSERT INTO ofertas.ciudades(id_aut_ciudad, nombre, id_departamento) values(468,'Fundacion',19);
INSERT INTO ofertas.ciudades(id_aut_ciudad, nombre, id_departamento) values(469,'Guamal',19);
INSERT INTO ofertas.ciudades(id_aut_ciudad, nombre, id_departamento) values(470,'Nueva Granada',19);
INSERT INTO ofertas.ciudades(id_aut_ciudad, nombre, id_departamento) values(471,'Pedraza',19);
INSERT INTO ofertas.ciudades(id_aut_ciudad, nombre, id_departamento) values(472,'Piñon del Carmen',19);
INSERT INTO ofertas.ciudades(id_aut_ciudad, nombre, id_departamento) values(473,'Pivijay',19);
INSERT INTO ofertas.ciudades(id_aut_ciudad, nombre, id_departamento) values(474,'Plato',19);
INSERT INTO ofertas.ciudades(id_aut_ciudad, nombre, id_departamento) values(475,'Pueblo Viejo',19);
INSERT INTO ofertas.ciudades(id_aut_ciudad, nombre, id_departamento) values(476,'Remolino',19);
INSERT INTO ofertas.ciudades(id_aut_ciudad, nombre, id_departamento) values(477,'Sabana de San Angel',19);
INSERT INTO ofertas.ciudades(id_aut_ciudad, nombre, id_departamento) values(478,'Salamina',19);
INSERT INTO ofertas.ciudades(id_aut_ciudad, nombre, id_departamento) values(479,'San Sebastian de Buenavista',19);
INSERT INTO ofertas.ciudades(id_aut_ciudad, nombre, id_departamento) values(480,'San Zenon',19);
INSERT INTO ofertas.ciudades(id_aut_ciudad, nombre, id_departamento) values(481,'Santa Ana',19);
INSERT INTO ofertas.ciudades(id_aut_ciudad, nombre, id_departamento) values(482,'Santa Barbarra de Pinto',19);
INSERT INTO ofertas.ciudades(id_aut_ciudad, nombre, id_departamento) values(483,'Sitio Nuevo',19);
INSERT INTO ofertas.ciudades(id_aut_ciudad, nombre, id_departamento) values(484,'Tenerife',19);
INSERT INTO ofertas.ciudades(id_aut_ciudad, nombre, id_departamento) values(485,'Zapayan',19);
INSERT INTO ofertas.ciudades(id_aut_ciudad, nombre, id_departamento) values(486,'Zona Bananera',19);

INSERT INTO ofertas.ciudades(id_aut_ciudad, nombre, id_departamento) values(487,'Acacías',20);
INSERT INTO ofertas.ciudades(id_aut_ciudad, nombre, id_departamento) values(488,'Barranca de Upía',20);
INSERT INTO ofertas.ciudades(id_aut_ciudad, nombre, id_departamento) values(489,'Cabuyaro',20);
INSERT INTO ofertas.ciudades(id_aut_ciudad, nombre, id_departamento) values(490,'Castilla La Nueva',20);
INSERT INTO ofertas.ciudades(id_aut_ciudad, nombre, id_departamento) values(491,'Cubarral',20);
INSERT INTO ofertas.ciudades(id_aut_ciudad, nombre, id_departamento) values(492,'Cumaral',20);
INSERT INTO ofertas.ciudades(id_aut_ciudad, nombre, id_departamento) values(493,'El Calvario',20);
INSERT INTO ofertas.ciudades(id_aut_ciudad, nombre, id_departamento) values(494,'El Castillo',20);
INSERT INTO ofertas.ciudades(id_aut_ciudad, nombre, id_departamento) values(495,'El Dorado',20);
INSERT INTO ofertas.ciudades(id_aut_ciudad, nombre, id_departamento) values(496,'Fuente de Oro',20);
INSERT INTO ofertas.ciudades(id_aut_ciudad, nombre, id_departamento) values(497,'Granada',20);
INSERT INTO ofertas.ciudades(id_aut_ciudad, nombre, id_departamento) values(498,'Guamal',20);
INSERT INTO ofertas.ciudades(id_aut_ciudad, nombre, id_departamento) values(499,'La Macarena',20);
INSERT INTO ofertas.ciudades(id_aut_ciudad, nombre, id_departamento) values(500,'La Uribe',20);
INSERT INTO ofertas.ciudades(id_aut_ciudad, nombre, id_departamento) values(501,'Lejanías',20);
INSERT INTO ofertas.ciudades(id_aut_ciudad, nombre, id_departamento) values(502,'Mapiripán',20);
INSERT INTO ofertas.ciudades(id_aut_ciudad, nombre, id_departamento) values(503,'Mesetas',20);
INSERT INTO ofertas.ciudades(id_aut_ciudad, nombre, id_departamento) values(504,'Puerto Concordia',20);
INSERT INTO ofertas.ciudades(id_aut_ciudad, nombre, id_departamento) values(505,'Puerto Gaitán',20);
INSERT INTO ofertas.ciudades(id_aut_ciudad, nombre, id_departamento) values(506,'Puerto Lleras',20);
INSERT INTO ofertas.ciudades(id_aut_ciudad, nombre, id_departamento) values(507,'Puerto López',20);
INSERT INTO ofertas.ciudades(id_aut_ciudad, nombre, id_departamento) values(508,'Puerto Rico',20);
INSERT INTO ofertas.ciudades(id_aut_ciudad, nombre, id_departamento) values(509,'Restrepo',20);
INSERT INTO ofertas.ciudades(id_aut_ciudad, nombre, id_departamento) values(510,'San Carlos de Guaroa',20);
INSERT INTO ofertas.ciudades(id_aut_ciudad, nombre, id_departamento) values(511,'San Juan de Arama',20);
INSERT INTO ofertas.ciudades(id_aut_ciudad, nombre, id_departamento) values(512,'San Juanito',20);
INSERT INTO ofertas.ciudades(id_aut_ciudad, nombre, id_departamento) values(4991,'San Martín',20);
INSERT INTO ofertas.ciudades(id_aut_ciudad, nombre, id_departamento) values(5001,'Villavicencio',20);
INSERT INTO ofertas.ciudades(id_aut_ciudad, nombre, id_departamento) values(5011,'Vista Hermosa',20);

INSERT INTO ofertas.ciudades(id_aut_ciudad, nombre, id_departamento) values(5021,'Barbacoas',21);
INSERT INTO ofertas.ciudades(id_aut_ciudad, nombre, id_departamento) values(5031,'El Charco',21);
INSERT INTO ofertas.ciudades(id_aut_ciudad, nombre, id_departamento) values(5041,'Francisco Pizarro',21);
INSERT INTO ofertas.ciudades(id_aut_ciudad, nombre, id_departamento) values(5051,'La Tola',21);
INSERT INTO ofertas.ciudades(id_aut_ciudad, nombre, id_departamento) values(5061,'Magüí Payán',21);
INSERT INTO ofertas.ciudades(id_aut_ciudad, nombre, id_departamento) values(5071,'Mosquera',21);
INSERT INTO ofertas.ciudades(id_aut_ciudad, nombre, id_departamento) values(5081,'Olaya Herrera',21);
INSERT INTO ofertas.ciudades(id_aut_ciudad, nombre, id_departamento) values(5091,'Roberto Payán',21);
INSERT INTO ofertas.ciudades(id_aut_ciudad, nombre, id_departamento) values(5101,'Santa Bárbara',21);
INSERT INTO ofertas.ciudades(id_aut_ciudad, nombre, id_departamento) values(5111,'Tumaco',21);
INSERT INTO ofertas.ciudades(id_aut_ciudad, nombre, id_departamento) values(5121,'Aldana',21);
INSERT INTO ofertas.ciudades(id_aut_ciudad, nombre, id_departamento) values(513,'Contadero',21);
INSERT INTO ofertas.ciudades(id_aut_ciudad, nombre, id_departamento) values(514,'Córdoba',21);
INSERT INTO ofertas.ciudades(id_aut_ciudad, nombre, id_departamento) values(515,'Cuaspud',21);
INSERT INTO ofertas.ciudades(id_aut_ciudad, nombre, id_departamento) values(516,'Cumbal',21);
INSERT INTO ofertas.ciudades(id_aut_ciudad, nombre, id_departamento) values(517,'Funes',21);
INSERT INTO ofertas.ciudades(id_aut_ciudad, nombre, id_departamento) values(518,'Guachucal',21);
INSERT INTO ofertas.ciudades(id_aut_ciudad, nombre, id_departamento) values(519,'Gualmatán',21);
INSERT INTO ofertas.ciudades(id_aut_ciudad, nombre, id_departamento) values(520,'Iles',21);
INSERT INTO ofertas.ciudades(id_aut_ciudad, nombre, id_departamento) values(521,'Ipiales',21);
INSERT INTO ofertas.ciudades(id_aut_ciudad, nombre, id_departamento) values(522,'Potosí',21);
INSERT INTO ofertas.ciudades(id_aut_ciudad, nombre, id_departamento) values(523,'Puerres',21);
INSERT INTO ofertas.ciudades(id_aut_ciudad, nombre, id_departamento) values(524,'Pupiales',21);
INSERT INTO ofertas.ciudades(id_aut_ciudad, nombre, id_departamento) values(525,'Albán',21);
INSERT INTO ofertas.ciudades(id_aut_ciudad, nombre, id_departamento) values(526,'Arboleda',21);
INSERT INTO ofertas.ciudades(id_aut_ciudad, nombre, id_departamento) values(527,'Belén',21);
INSERT INTO ofertas.ciudades(id_aut_ciudad, nombre, id_departamento) values(528,'Colón',21);
INSERT INTO ofertas.ciudades(id_aut_ciudad, nombre, id_departamento) values(529,'El Rosario',21);
INSERT INTO ofertas.ciudades(id_aut_ciudad, nombre, id_departamento) values(530,'El Tablón de Gómez',21);
INSERT INTO ofertas.ciudades(id_aut_ciudad, nombre, id_departamento) values(531,'La Cruz',21);
INSERT INTO ofertas.ciudades(id_aut_ciudad, nombre, id_departamento) values(532,'La Unión',21);
INSERT INTO ofertas.ciudades(id_aut_ciudad, nombre, id_departamento) values(533,'Leiva',21);
INSERT INTO ofertas.ciudades(id_aut_ciudad, nombre, id_departamento) values(534,'Policarpa',21);
INSERT INTO ofertas.ciudades(id_aut_ciudad, nombre, id_departamento) values(535,'San Bernardo',21);
INSERT INTO ofertas.ciudades(id_aut_ciudad, nombre, id_departamento) values(536,'San Lorenzo',21);
INSERT INTO ofertas.ciudades(id_aut_ciudad, nombre, id_departamento) values(537,'San Pablo',21);
INSERT INTO ofertas.ciudades(id_aut_ciudad, nombre, id_departamento) values(538,'San Pedro de Cartago',21);
INSERT INTO ofertas.ciudades(id_aut_ciudad, nombre, id_departamento) values(539,'Taminango',21);
INSERT INTO ofertas.ciudades(id_aut_ciudad, nombre, id_departamento) values(540,'Buesaco',21);
INSERT INTO ofertas.ciudades(id_aut_ciudad, nombre, id_departamento) values(541,'Chachagüí',21);
INSERT INTO ofertas.ciudades(id_aut_ciudad, nombre, id_departamento) values(542,'Consacá',21);
INSERT INTO ofertas.ciudades(id_aut_ciudad, nombre, id_departamento) values(543,'El Peñol',21);
INSERT INTO ofertas.ciudades(id_aut_ciudad, nombre, id_departamento) values(544,'El Tambo',21);
INSERT INTO ofertas.ciudades(id_aut_ciudad, nombre, id_departamento) values(545,'La Florida',21);
INSERT INTO ofertas.ciudades(id_aut_ciudad, nombre, id_departamento) values(546,'Nariño',21);
INSERT INTO ofertas.ciudades(id_aut_ciudad, nombre, id_departamento) values(547,'Pasto',21);
INSERT INTO ofertas.ciudades(id_aut_ciudad, nombre, id_departamento) values(548,'Sandoná',21);
INSERT INTO ofertas.ciudades(id_aut_ciudad, nombre, id_departamento) values(549,'Tangua',21);
INSERT INTO ofertas.ciudades(id_aut_ciudad, nombre, id_departamento) values(550,'Yacuanquer',21);
INSERT INTO ofertas.ciudades(id_aut_ciudad, nombre, id_departamento) values(551,'Ancuya',21);
INSERT INTO ofertas.ciudades(id_aut_ciudad, nombre, id_departamento) values(552,'Cumbitara',21);
INSERT INTO ofertas.ciudades(id_aut_ciudad, nombre, id_departamento) values(553,'Guaitarilla',21);
INSERT INTO ofertas.ciudades(id_aut_ciudad, nombre, id_departamento) values(554,'Imués',21);
INSERT INTO ofertas.ciudades(id_aut_ciudad, nombre, id_departamento) values(555,'La Llanada',21);
INSERT INTO ofertas.ciudades(id_aut_ciudad, nombre, id_departamento) values(556,'Linares',21);
INSERT INTO ofertas.ciudades(id_aut_ciudad, nombre, id_departamento) values(557,'Los Andes',21);
INSERT INTO ofertas.ciudades(id_aut_ciudad, nombre, id_departamento) values(558,'Mallama',21);
INSERT INTO ofertas.ciudades(id_aut_ciudad, nombre, id_departamento) values(559,'Ospina',21);
INSERT INTO ofertas.ciudades(id_aut_ciudad, nombre, id_departamento) values(560,'Providencia',21);
INSERT INTO ofertas.ciudades(id_aut_ciudad, nombre, id_departamento) values(561,'Ricaurte',21);
INSERT INTO ofertas.ciudades(id_aut_ciudad, nombre, id_departamento) values(562,'Samaniego',21);
INSERT INTO ofertas.ciudades(id_aut_ciudad, nombre, id_departamento) values(563,'Santacruz',21);
INSERT INTO ofertas.ciudades(id_aut_ciudad, nombre, id_departamento) values(564,'Sapuyes',21);
INSERT INTO ofertas.ciudades(id_aut_ciudad, nombre, id_departamento) values(565,'Túquerres',21);

INSERT INTO ofertas.ciudades(id_aut_ciudad, nombre, id_departamento) values(566,'Arboledas',22);
INSERT INTO ofertas.ciudades(id_aut_ciudad, nombre, id_departamento) values(567,'Cucutilla',22);
INSERT INTO ofertas.ciudades(id_aut_ciudad, nombre, id_departamento) values(568,'Gramalote',22);
INSERT INTO ofertas.ciudades(id_aut_ciudad, nombre, id_departamento) values(569,'Lourdes',22);
INSERT INTO ofertas.ciudades(id_aut_ciudad, nombre, id_departamento) values(570,'Salazar de Las Palmas',22);
INSERT INTO ofertas.ciudades(id_aut_ciudad, nombre, id_departamento) values(571,'Santiago',22);
INSERT INTO ofertas.ciudades(id_aut_ciudad, nombre, id_departamento) values(572,'Villa Caro',22);
INSERT INTO ofertas.ciudades(id_aut_ciudad, nombre, id_departamento) values(573,'Cúcuta',22);
INSERT INTO ofertas.ciudades(id_aut_ciudad, nombre, id_departamento) values(574,'El Zulia',22);
INSERT INTO ofertas.ciudades(id_aut_ciudad, nombre, id_departamento) values(575,'Los Patios',22);
INSERT INTO ofertas.ciudades(id_aut_ciudad, nombre, id_departamento) values(576,'Puerto Santander',22);
INSERT INTO ofertas.ciudades(id_aut_ciudad, nombre, id_departamento) values(577,'San Cayetano',22);
INSERT INTO ofertas.ciudades(id_aut_ciudad, nombre, id_departamento) values(578,'Villa del Rosario',22);
INSERT INTO ofertas.ciudades(id_aut_ciudad, nombre, id_departamento) values(579,'Bucarasica',22);
INSERT INTO ofertas.ciudades(id_aut_ciudad, nombre, id_departamento) values(580,'El Tarra',22);
INSERT INTO ofertas.ciudades(id_aut_ciudad, nombre, id_departamento) values(581,'Sardinata',22);
INSERT INTO ofertas.ciudades(id_aut_ciudad, nombre, id_departamento) values(582,'Tibú',22);
INSERT INTO ofertas.ciudades(id_aut_ciudad, nombre, id_departamento) values(583,'Ábrego',22);
INSERT INTO ofertas.ciudades(id_aut_ciudad, nombre, id_departamento) values(584,'Cáchira',22);
INSERT INTO ofertas.ciudades(id_aut_ciudad, nombre, id_departamento) values(585,'Convención',22);
INSERT INTO ofertas.ciudades(id_aut_ciudad, nombre, id_departamento) values(586,'El Carmen',22);
INSERT INTO ofertas.ciudades(id_aut_ciudad, nombre, id_departamento) values(587,'Hacarí',22);
INSERT INTO ofertas.ciudades(id_aut_ciudad, nombre, id_departamento) values(588,'La Esperanza',22);
INSERT INTO ofertas.ciudades(id_aut_ciudad, nombre, id_departamento) values(589,'La Playa de Belén',22);
INSERT INTO ofertas.ciudades(id_aut_ciudad, nombre, id_departamento) values(590,'Ocaña',22);
INSERT INTO ofertas.ciudades(id_aut_ciudad, nombre, id_departamento) values(591,'San Calixto',22);
INSERT INTO ofertas.ciudades(id_aut_ciudad, nombre, id_departamento) values(592,'Teorama',22);
INSERT INTO ofertas.ciudades(id_aut_ciudad, nombre, id_departamento) values(593,'Cácota',22);
INSERT INTO ofertas.ciudades(id_aut_ciudad, nombre, id_departamento) values(594,'Chitagá',22);
INSERT INTO ofertas.ciudades(id_aut_ciudad, nombre, id_departamento) values(595,'Mutiscua',22);
INSERT INTO ofertas.ciudades(id_aut_ciudad, nombre, id_departamento) values(596,'Pamplona',22);
INSERT INTO ofertas.ciudades(id_aut_ciudad, nombre, id_departamento) values(597,'Pamplonita',22);
INSERT INTO ofertas.ciudades(id_aut_ciudad, nombre, id_departamento) values(598,'Santo Domingo de Silos',22);
INSERT INTO ofertas.ciudades(id_aut_ciudad, nombre, id_departamento) values(599,'Bochalema',22);
INSERT INTO ofertas.ciudades(id_aut_ciudad, nombre, id_departamento) values(600,'Chinácota',22);
INSERT INTO ofertas.ciudades(id_aut_ciudad, nombre, id_departamento) values(601,'Durania',22);
INSERT INTO ofertas.ciudades(id_aut_ciudad, nombre, id_departamento) values(602,'Herrán',22);
INSERT INTO ofertas.ciudades(id_aut_ciudad, nombre, id_departamento) values(603,'Labateca',22);
INSERT INTO ofertas.ciudades(id_aut_ciudad, nombre, id_departamento) values(604,'Ragonvalia',22);
INSERT INTO ofertas.ciudades(id_aut_ciudad, nombre, id_departamento) values(605,'Toledo',22);


INSERT INTO ofertas.ciudades(id_aut_ciudad, nombre, id_departamento) values(606,'Colón',23);
INSERT INTO ofertas.ciudades(id_aut_ciudad, nombre, id_departamento) values(607,'Mocoa',23);
INSERT INTO ofertas.ciudades(id_aut_ciudad, nombre, id_departamento) values(608,'Orito',23);
INSERT INTO ofertas.ciudades(id_aut_ciudad, nombre, id_departamento) values(609,'Puerto Asís',23);
INSERT INTO ofertas.ciudades(id_aut_ciudad, nombre, id_departamento) values(610,'Puerto Caicedo',23);
INSERT INTO ofertas.ciudades(id_aut_ciudad, nombre, id_departamento) values(611,'Puerto Guzmán',23);
INSERT INTO ofertas.ciudades(id_aut_ciudad, nombre, id_departamento) values(612,'Puerto Leguízamo',23);
INSERT INTO ofertas.ciudades(id_aut_ciudad, nombre, id_departamento) values(613,'San Francisco',23);
INSERT INTO ofertas.ciudades(id_aut_ciudad, nombre, id_departamento) values(614,'San Miguel',23);
INSERT INTO ofertas.ciudades(id_aut_ciudad, nombre, id_departamento) values(615,'Santiago',23);
INSERT INTO ofertas.ciudades(id_aut_ciudad, nombre, id_departamento) values(616,'Sibundoy',23);
INSERT INTO ofertas.ciudades(id_aut_ciudad, nombre, id_departamento) values(617,'Valle del Guamuez',23);
INSERT INTO ofertas.ciudades(id_aut_ciudad, nombre, id_departamento) values(618,'Villagarzón',23);


INSERT INTO ofertas.ciudades(id_aut_ciudad, nombre, id_departamento) values(619,'Armenia',24);
INSERT INTO ofertas.ciudades(id_aut_ciudad, nombre, id_departamento) values(620,'Buenavista',24);
INSERT INTO ofertas.ciudades(id_aut_ciudad, nombre, id_departamento) values(621,'Calarcá',24);
INSERT INTO ofertas.ciudades(id_aut_ciudad, nombre, id_departamento) values(622,'Circasia',24);
INSERT INTO ofertas.ciudades(id_aut_ciudad, nombre, id_departamento) values(623,'Córdoba',24);
INSERT INTO ofertas.ciudades(id_aut_ciudad, nombre, id_departamento) values(624,'Filandia',24);
INSERT INTO ofertas.ciudades(id_aut_ciudad, nombre, id_departamento) values(625,'Génova',24);
INSERT INTO ofertas.ciudades(id_aut_ciudad, nombre, id_departamento) values(626,'La Tebaida',24);
INSERT INTO ofertas.ciudades(id_aut_ciudad, nombre, id_departamento) values(627,'Montenegro',24);
INSERT INTO ofertas.ciudades(id_aut_ciudad, nombre, id_departamento) values(628,'Pijao',24);
INSERT INTO ofertas.ciudades(id_aut_ciudad, nombre, id_departamento) values(629,'Quimbaya',24);
INSERT INTO ofertas.ciudades(id_aut_ciudad, nombre, id_departamento) values(630,'Salento',24);

INSERT INTO ofertas.ciudades(id_aut_ciudad, nombre, id_departamento) values(631,'Apía',25);
INSERT INTO ofertas.ciudades(id_aut_ciudad, nombre, id_departamento) values(632,'Balboa',25);
INSERT INTO ofertas.ciudades(id_aut_ciudad, nombre, id_departamento) values(633,'Belén de Umbría',25);
INSERT INTO ofertas.ciudades(id_aut_ciudad, nombre, id_departamento) values(634,'Dosquebradas',25);
INSERT INTO ofertas.ciudades(id_aut_ciudad, nombre, id_departamento) values(635,'Guática',25);
INSERT INTO ofertas.ciudades(id_aut_ciudad, nombre, id_departamento) values(636,'La Celia',25);
INSERT INTO ofertas.ciudades(id_aut_ciudad, nombre, id_departamento) values(637,'La Virginia',25);
INSERT INTO ofertas.ciudades(id_aut_ciudad, nombre, id_departamento) values(638,'Marsella',25);
INSERT INTO ofertas.ciudades(id_aut_ciudad, nombre, id_departamento) values(639,'Mistrató',25);
INSERT INTO ofertas.ciudades(id_aut_ciudad, nombre, id_departamento) values(640,'Pereira',25);
INSERT INTO ofertas.ciudades(id_aut_ciudad, nombre, id_departamento) values(641,'Pueblo Rico',25);
INSERT INTO ofertas.ciudades(id_aut_ciudad, nombre, id_departamento) values(642,'Quinchía',25);
INSERT INTO ofertas.ciudades(id_aut_ciudad, nombre, id_departamento) values(643,'Santa Rosa de Cabal',25);
INSERT INTO ofertas.ciudades(id_aut_ciudad, nombre, id_departamento) values(644,'Santuario',25);

INSERT INTO ofertas.ciudades(id_aut_ciudad, nombre, id_departamento) values(645,'San Andrés y Providencia',26);

INSERT INTO ofertas.ciudades(id_aut_ciudad, nombre, id_departamento) values(646,'Aguada',27);
INSERT INTO ofertas.ciudades(id_aut_ciudad, nombre, id_departamento) values(647,'Albania',27);
INSERT INTO ofertas.ciudades(id_aut_ciudad, nombre, id_departamento) values(648,'Aratoca',27);
INSERT INTO ofertas.ciudades(id_aut_ciudad, nombre, id_departamento) values(649,'Barbosa',27);
INSERT INTO ofertas.ciudades(id_aut_ciudad, nombre, id_departamento) values(650,'Barichara',27);
INSERT INTO ofertas.ciudades(id_aut_ciudad, nombre, id_departamento) values(651,'Barrancabermeja',27);
INSERT INTO ofertas.ciudades(id_aut_ciudad, nombre, id_departamento) values(652,'Betulia',27);
INSERT INTO ofertas.ciudades(id_aut_ciudad, nombre, id_departamento) values(653,'Bolívar',27);
INSERT INTO ofertas.ciudades(id_aut_ciudad, nombre, id_departamento) values(654,'Bucaramanga',27);
INSERT INTO ofertas.ciudades(id_aut_ciudad, nombre, id_departamento) values(655,'Cabrera',27);
INSERT INTO ofertas.ciudades(id_aut_ciudad, nombre, id_departamento) values(656,'California',27);
INSERT INTO ofertas.ciudades(id_aut_ciudad, nombre, id_departamento) values(657,'Capitanejo',27);
INSERT INTO ofertas.ciudades(id_aut_ciudad, nombre, id_departamento) values(658,'Carcasí',27);
INSERT INTO ofertas.ciudades(id_aut_ciudad, nombre, id_departamento) values(659,'Cepitá',27);
INSERT INTO ofertas.ciudades(id_aut_ciudad, nombre, id_departamento) values(660,'Cerrito',27);
INSERT INTO ofertas.ciudades(id_aut_ciudad, nombre, id_departamento) values(661,'Charalá',27);
INSERT INTO ofertas.ciudades(id_aut_ciudad, nombre, id_departamento) values(662,'Charta',27);
INSERT INTO ofertas.ciudades(id_aut_ciudad, nombre, id_departamento) values(663,'Chima',27);
INSERT INTO ofertas.ciudades(id_aut_ciudad, nombre, id_departamento) values(664,'Chipatá',27);
INSERT INTO ofertas.ciudades(id_aut_ciudad, nombre, id_departamento) values(665,'Cimitarra',27);
INSERT INTO ofertas.ciudades(id_aut_ciudad, nombre, id_departamento) values(666,'Concepción',27);
INSERT INTO ofertas.ciudades(id_aut_ciudad, nombre, id_departamento) values(667,'Confines',27);
INSERT INTO ofertas.ciudades(id_aut_ciudad, nombre, id_departamento) values(668,'Contratación',27);
INSERT INTO ofertas.ciudades(id_aut_ciudad, nombre, id_departamento) values(669,'Coromoro',27);
INSERT INTO ofertas.ciudades(id_aut_ciudad, nombre, id_departamento) values(670,'Curití',27);
INSERT INTO ofertas.ciudades(id_aut_ciudad, nombre, id_departamento) values(671,'El Carmen de Chucurí',27);
INSERT INTO ofertas.ciudades(id_aut_ciudad, nombre, id_departamento) values(672,'El Guacamayo',27);
INSERT INTO ofertas.ciudades(id_aut_ciudad, nombre, id_departamento) values(673,'El Peñón',27);
INSERT INTO ofertas.ciudades(id_aut_ciudad, nombre, id_departamento) values(674,'El Playón',27);
INSERT INTO ofertas.ciudades(id_aut_ciudad, nombre, id_departamento) values(675,'Encino',27);
INSERT INTO ofertas.ciudades(id_aut_ciudad, nombre, id_departamento) values(676,'Enciso',27);
INSERT INTO ofertas.ciudades(id_aut_ciudad, nombre, id_departamento) values(677,'Florián',27);
INSERT INTO ofertas.ciudades(id_aut_ciudad, nombre, id_departamento) values(678,'Floridablanca',27);
INSERT INTO ofertas.ciudades(id_aut_ciudad, nombre, id_departamento) values(679,'Galán',27);
INSERT INTO ofertas.ciudades(id_aut_ciudad, nombre, id_departamento) values(680,'Gámbita',27);
INSERT INTO ofertas.ciudades(id_aut_ciudad, nombre, id_departamento) values(681,'Girón',27);
INSERT INTO ofertas.ciudades(id_aut_ciudad, nombre, id_departamento) values(682,'Guaca',27);
INSERT INTO ofertas.ciudades(id_aut_ciudad, nombre, id_departamento) values(683,'Guadalupe',27);
INSERT INTO ofertas.ciudades(id_aut_ciudad, nombre, id_departamento) values(684,'Guapotá',27);
INSERT INTO ofertas.ciudades(id_aut_ciudad, nombre, id_departamento) values(685,'Guavatá',27);
INSERT INTO ofertas.ciudades(id_aut_ciudad, nombre, id_departamento) values(686,'Güepsa',27);
INSERT INTO ofertas.ciudades(id_aut_ciudad, nombre, id_departamento) values(687,'Hato',27);
INSERT INTO ofertas.ciudades(id_aut_ciudad, nombre, id_departamento) values(688,'Jesús María',27);
INSERT INTO ofertas.ciudades(id_aut_ciudad, nombre, id_departamento) values(689,'Jordán',27);
INSERT INTO ofertas.ciudades(id_aut_ciudad, nombre, id_departamento) values(690,'La Belleza',27);
INSERT INTO ofertas.ciudades(id_aut_ciudad, nombre, id_departamento) values(691,'La Paz',27);
INSERT INTO ofertas.ciudades(id_aut_ciudad, nombre, id_departamento) values(692,'Landázuri',27);
INSERT INTO ofertas.ciudades(id_aut_ciudad, nombre, id_departamento) values(693,'Lebrija',27);
INSERT INTO ofertas.ciudades(id_aut_ciudad, nombre, id_departamento) values(694,'Los Santos',27);
INSERT INTO ofertas.ciudades(id_aut_ciudad, nombre, id_departamento) values(695,'Macaravita',27);
INSERT INTO ofertas.ciudades(id_aut_ciudad, nombre, id_departamento) values(696,'Málaga',27);
INSERT INTO ofertas.ciudades(id_aut_ciudad, nombre, id_departamento) values(697,'Matanza',27);
INSERT INTO ofertas.ciudades(id_aut_ciudad, nombre, id_departamento) values(698,'Mogotes',27);
INSERT INTO ofertas.ciudades(id_aut_ciudad, nombre, id_departamento) values(699,'Molagavita',27);
INSERT INTO ofertas.ciudades(id_aut_ciudad, nombre, id_departamento) values(700,'Ocamonte',27);
INSERT INTO ofertas.ciudades(id_aut_ciudad, nombre, id_departamento) values(701,'Oiba',27);
INSERT INTO ofertas.ciudades(id_aut_ciudad, nombre, id_departamento) values(702,'Onzaga',27);
INSERT INTO ofertas.ciudades(id_aut_ciudad, nombre, id_departamento) values(703,'Palmar',27);
INSERT INTO ofertas.ciudades(id_aut_ciudad, nombre, id_departamento) values(704,'Palmas del Socorro',27);
INSERT INTO ofertas.ciudades(id_aut_ciudad, nombre, id_departamento) values(705,'Páramo',27);
INSERT INTO ofertas.ciudades(id_aut_ciudad, nombre, id_departamento) values(706,'Piedecuesta',27);
INSERT INTO ofertas.ciudades(id_aut_ciudad, nombre, id_departamento) values(707,'Pinchote',27);
INSERT INTO ofertas.ciudades(id_aut_ciudad, nombre, id_departamento) values(708,'Puente Nacional',27);
INSERT INTO ofertas.ciudades(id_aut_ciudad, nombre, id_departamento) values(709,'Puerto Parra',27);
INSERT INTO ofertas.ciudades(id_aut_ciudad, nombre, id_departamento) values(710,'Puerto Wilches',27);
INSERT INTO ofertas.ciudades(id_aut_ciudad, nombre, id_departamento) values(711,'Rionegro',27);
INSERT INTO ofertas.ciudades(id_aut_ciudad, nombre, id_departamento) values(712,'Sabana de Torres',27);
INSERT INTO ofertas.ciudades(id_aut_ciudad, nombre, id_departamento) values(713,'San Andrés',27);
INSERT INTO ofertas.ciudades(id_aut_ciudad, nombre, id_departamento) values(714,'San Benito',27);
INSERT INTO ofertas.ciudades(id_aut_ciudad, nombre, id_departamento) values(715,'San Gil',27);
INSERT INTO ofertas.ciudades(id_aut_ciudad, nombre, id_departamento) values(716,'San Joaquín',27);
INSERT INTO ofertas.ciudades(id_aut_ciudad, nombre, id_departamento) values(717,'San José de Miranda',27);
INSERT INTO ofertas.ciudades(id_aut_ciudad, nombre, id_departamento) values(718,'San Miguel',27);
INSERT INTO ofertas.ciudades(id_aut_ciudad, nombre, id_departamento) values(719,'San Vicente de Chucurí',27);
INSERT INTO ofertas.ciudades(id_aut_ciudad, nombre, id_departamento) values(720,'Santa Bárbara',27);
INSERT INTO ofertas.ciudades(id_aut_ciudad, nombre, id_departamento) values(721,'Santa Helena del Opón',27);
INSERT INTO ofertas.ciudades(id_aut_ciudad, nombre, id_departamento) values(722,'Simacota',27);
INSERT INTO ofertas.ciudades(id_aut_ciudad, nombre, id_departamento) values(723,'Socorro',27);
INSERT INTO ofertas.ciudades(id_aut_ciudad, nombre, id_departamento) values(724,'Suaita',27);
INSERT INTO ofertas.ciudades(id_aut_ciudad, nombre, id_departamento) values(725,'Sucre',27);
INSERT INTO ofertas.ciudades(id_aut_ciudad, nombre, id_departamento) values(726,'Suratá',27);
INSERT INTO ofertas.ciudades(id_aut_ciudad, nombre, id_departamento) values(727,'Tona',27);
INSERT INTO ofertas.ciudades(id_aut_ciudad, nombre, id_departamento) values(728,'Valle de San José',27);
INSERT INTO ofertas.ciudades(id_aut_ciudad, nombre, id_departamento) values(729,'Vélez',27);
INSERT INTO ofertas.ciudades(id_aut_ciudad, nombre, id_departamento) values(730,'Vetas',27);
INSERT INTO ofertas.ciudades(id_aut_ciudad, nombre, id_departamento) values(731,'Villanueva',27);
INSERT INTO ofertas.ciudades(id_aut_ciudad, nombre, id_departamento) values(732,'Zapatoca',27);

INSERT INTO ofertas.ciudades(id_aut_ciudad, nombre, id_departamento) values(733,'Guaranda',28);
INSERT INTO ofertas.ciudades(id_aut_ciudad, nombre, id_departamento) values(734,'Majagual',28);
INSERT INTO ofertas.ciudades(id_aut_ciudad, nombre, id_departamento) values(735,'Sucre',28);
INSERT INTO ofertas.ciudades(id_aut_ciudad, nombre, id_departamento) values(736,'Chalán',28);
INSERT INTO ofertas.ciudades(id_aut_ciudad, nombre, id_departamento) values(737,'Colosó',28);
INSERT INTO ofertas.ciudades(id_aut_ciudad, nombre, id_departamento) values(738,'Morroa',28);
INSERT INTO ofertas.ciudades(id_aut_ciudad, nombre, id_departamento) values(739,'Ovejas',28);
INSERT INTO ofertas.ciudades(id_aut_ciudad, nombre, id_departamento) values(740,'Sincelejo',28);
INSERT INTO ofertas.ciudades(id_aut_ciudad, nombre, id_departamento) values(741,'Coveñas',28);
INSERT INTO ofertas.ciudades(id_aut_ciudad, nombre, id_departamento) values(742,'Palmito',28);
INSERT INTO ofertas.ciudades(id_aut_ciudad, nombre, id_departamento) values(743,'San Onofre',28);
INSERT INTO ofertas.ciudades(id_aut_ciudad, nombre, id_departamento) values(744,'Santiago de Tolú',28);
INSERT INTO ofertas.ciudades(id_aut_ciudad, nombre, id_departamento) values(745,'Tolúviejo',28);
INSERT INTO ofertas.ciudades(id_aut_ciudad, nombre, id_departamento) values(746,'Buenavista',28);
INSERT INTO ofertas.ciudades(id_aut_ciudad, nombre, id_departamento) values(747,'Corozal',28);
INSERT INTO ofertas.ciudades(id_aut_ciudad, nombre, id_departamento) values(748,'El Roble',28);
INSERT INTO ofertas.ciudades(id_aut_ciudad, nombre, id_departamento) values(749,'Galeras',28);
INSERT INTO ofertas.ciudades(id_aut_ciudad, nombre, id_departamento) values(750,'Los Palmitos',28);
INSERT INTO ofertas.ciudades(id_aut_ciudad, nombre, id_departamento) values(751,'Sampués',28);
INSERT INTO ofertas.ciudades(id_aut_ciudad, nombre, id_departamento) values(752,'San Juan de Betulia',28);
INSERT INTO ofertas.ciudades(id_aut_ciudad, nombre, id_departamento) values(753,'San Pedro',28);
INSERT INTO ofertas.ciudades(id_aut_ciudad, nombre, id_departamento) values(754,'Sincé',28);
INSERT INTO ofertas.ciudades(id_aut_ciudad, nombre, id_departamento) values(755,'Caimito',28);
INSERT INTO ofertas.ciudades(id_aut_ciudad, nombre, id_departamento) values(756,'La Unión',28);
INSERT INTO ofertas.ciudades(id_aut_ciudad, nombre, id_departamento) values(757,'San Benito Abad',28);
INSERT INTO ofertas.ciudades(id_aut_ciudad, nombre, id_departamento) values(758,'San Marcos',28);


INSERT INTO ofertas.ciudades(id_aut_ciudad, nombre, id_departamento) values(759,'Alvarado',29);
INSERT INTO ofertas.ciudades(id_aut_ciudad, nombre, id_departamento) values(760,'Anzoátegui',29);
INSERT INTO ofertas.ciudades(id_aut_ciudad, nombre, id_departamento) values(761,'Cajamarca',29);
INSERT INTO ofertas.ciudades(id_aut_ciudad, nombre, id_departamento) values(762,'Coello',29);
INSERT INTO ofertas.ciudades(id_aut_ciudad, nombre, id_departamento) values(763,'Espinal',29);
INSERT INTO ofertas.ciudades(id_aut_ciudad, nombre, id_departamento) values(764,'Flandes',29);
INSERT INTO ofertas.ciudades(id_aut_ciudad, nombre, id_departamento) values(765,'Ibagué',29);
INSERT INTO ofertas.ciudades(id_aut_ciudad, nombre, id_departamento) values(766,'Piedras',29);
INSERT INTO ofertas.ciudades(id_aut_ciudad, nombre, id_departamento) values(767,'Rovira',29);
INSERT INTO ofertas.ciudades(id_aut_ciudad, nombre, id_departamento) values(768,'San Luis',29);
INSERT INTO ofertas.ciudades(id_aut_ciudad, nombre, id_departamento) values(769,'Valle de San Juan',29);
INSERT INTO ofertas.ciudades(id_aut_ciudad, nombre, id_departamento) values(770,'Casabianca',29);
INSERT INTO ofertas.ciudades(id_aut_ciudad, nombre, id_departamento) values(771,'Herveo',29);
INSERT INTO ofertas.ciudades(id_aut_ciudad, nombre, id_departamento) values(772,'Lérida',29);
INSERT INTO ofertas.ciudades(id_aut_ciudad, nombre, id_departamento) values(773,'Líbano',29);
INSERT INTO ofertas.ciudades(id_aut_ciudad, nombre, id_departamento) values(774,'Murillo',29);
INSERT INTO ofertas.ciudades(id_aut_ciudad, nombre, id_departamento) values(775,'Santa Isabel',29);
INSERT INTO ofertas.ciudades(id_aut_ciudad, nombre, id_departamento) values(776,'Venadillo',29);
INSERT INTO ofertas.ciudades(id_aut_ciudad, nombre, id_departamento) values(777,'Villahermosa',29);
INSERT INTO ofertas.ciudades(id_aut_ciudad, nombre, id_departamento) values(778,'Ambalema',29);
INSERT INTO ofertas.ciudades(id_aut_ciudad, nombre, id_departamento) values(779,'Armero',29);
INSERT INTO ofertas.ciudades(id_aut_ciudad, nombre, id_departamento) values(780,'Falan',29);
INSERT INTO ofertas.ciudades(id_aut_ciudad, nombre, id_departamento) values(781,'Fresno',29);
INSERT INTO ofertas.ciudades(id_aut_ciudad, nombre, id_departamento) values(782,'Honda',29);
INSERT INTO ofertas.ciudades(id_aut_ciudad, nombre, id_departamento) values(783,'San Sebastián de Mariquita',29);
INSERT INTO ofertas.ciudades(id_aut_ciudad, nombre, id_departamento) values(784,'Palocabildo',29);
INSERT INTO ofertas.ciudades(id_aut_ciudad, nombre, id_departamento) values(785,'Carmen de Apicalá',29);
INSERT INTO ofertas.ciudades(id_aut_ciudad, nombre, id_departamento) values(786,'Cunday',29);
INSERT INTO ofertas.ciudades(id_aut_ciudad, nombre, id_departamento) values(787,'Icononzo',29);
INSERT INTO ofertas.ciudades(id_aut_ciudad, nombre, id_departamento) values(788,'Melgar',29);
INSERT INTO ofertas.ciudades(id_aut_ciudad, nombre, id_departamento) values(789,'Villarrica',29);
INSERT INTO ofertas.ciudades(id_aut_ciudad, nombre, id_departamento) values(790,'Ataco',29);
INSERT INTO ofertas.ciudades(id_aut_ciudad, nombre, id_departamento) values(791,'Chaparral',29);
INSERT INTO ofertas.ciudades(id_aut_ciudad, nombre, id_departamento) values(792,'Coyaima',29);
INSERT INTO ofertas.ciudades(id_aut_ciudad, nombre, id_departamento) values(793,'Natagaima',29);
INSERT INTO ofertas.ciudades(id_aut_ciudad, nombre, id_departamento) values(794,'Ortega',29);
INSERT INTO ofertas.ciudades(id_aut_ciudad, nombre, id_departamento) values(795,'Planadas',29);
INSERT INTO ofertas.ciudades(id_aut_ciudad, nombre, id_departamento) values(796,'Rioblanco',29);
INSERT INTO ofertas.ciudades(id_aut_ciudad, nombre, id_departamento) values(797,'Roncesvalles',29);
INSERT INTO ofertas.ciudades(id_aut_ciudad, nombre, id_departamento) values(798,'San Antonio',29);
INSERT INTO ofertas.ciudades(id_aut_ciudad, nombre, id_departamento) values(799,'Alpujarra',29);
INSERT INTO ofertas.ciudades(id_aut_ciudad, nombre, id_departamento) values(800,'Dolores',29);
INSERT INTO ofertas.ciudades(id_aut_ciudad, nombre, id_departamento) values(801,'Guamo',29);
INSERT INTO ofertas.ciudades(id_aut_ciudad, nombre, id_departamento) values(802,'Prado',29);
INSERT INTO ofertas.ciudades(id_aut_ciudad, nombre, id_departamento) values(803,'Purificación',29);
INSERT INTO ofertas.ciudades(id_aut_ciudad, nombre, id_departamento) values(804,'Saldaña',29);
INSERT INTO ofertas.ciudades(id_aut_ciudad, nombre, id_departamento) values(805,'Suárez',29);

INSERT INTO ofertas.ciudades(id_aut_ciudad, nombre, id_departamento) values(806,'Alcalá',30);
INSERT INTO ofertas.ciudades(id_aut_ciudad, nombre, id_departamento) values(807,'Andalucía',30);
INSERT INTO ofertas.ciudades(id_aut_ciudad, nombre, id_departamento) values(808,'Ansermanuevo',30);
INSERT INTO ofertas.ciudades(id_aut_ciudad, nombre, id_departamento) values(809,'Argelia',30);
INSERT INTO ofertas.ciudades(id_aut_ciudad, nombre, id_departamento) values(810,'Bolívar',30);
INSERT INTO ofertas.ciudades(id_aut_ciudad, nombre, id_departamento) values(811,'Buenaventura',30);
INSERT INTO ofertas.ciudades(id_aut_ciudad, nombre, id_departamento) values(812,'Buga',30);
INSERT INTO ofertas.ciudades(id_aut_ciudad, nombre, id_departamento) values(813,'Bugalagrande',30);
INSERT INTO ofertas.ciudades(id_aut_ciudad, nombre, id_departamento) values(814,'Caicedonia',30);
INSERT INTO ofertas.ciudades(id_aut_ciudad, nombre, id_departamento) values(815,'Cali',30);
INSERT INTO ofertas.ciudades(id_aut_ciudad, nombre, id_departamento) values(816,'Calima - El Darién',30);
INSERT INTO ofertas.ciudades(id_aut_ciudad, nombre, id_departamento) values(817,'Candelaria',30);
INSERT INTO ofertas.ciudades(id_aut_ciudad, nombre, id_departamento) values(818,'Cartago',30);
INSERT INTO ofertas.ciudades(id_aut_ciudad, nombre, id_departamento) values(819,'Dagua',30);
INSERT INTO ofertas.ciudades(id_aut_ciudad, nombre, id_departamento) values(820,'El Águila',30);
INSERT INTO ofertas.ciudades(id_aut_ciudad, nombre, id_departamento) values(821,'El Cairo',30);
INSERT INTO ofertas.ciudades(id_aut_ciudad, nombre, id_departamento) values(822,'El Cerrito',30);
INSERT INTO ofertas.ciudades(id_aut_ciudad, nombre, id_departamento) values(823,'El Dovio',30);
INSERT INTO ofertas.ciudades(id_aut_ciudad, nombre, id_departamento) values(824,'Florida',30);
INSERT INTO ofertas.ciudades(id_aut_ciudad, nombre, id_departamento) values(825,'Ginebra',30);
INSERT INTO ofertas.ciudades(id_aut_ciudad, nombre, id_departamento) values(826,'Guacarí',30);
INSERT INTO ofertas.ciudades(id_aut_ciudad, nombre, id_departamento) values(827,'Jamundí',30);
INSERT INTO ofertas.ciudades(id_aut_ciudad, nombre, id_departamento) values(828,'La Cumbre',30);
INSERT INTO ofertas.ciudades(id_aut_ciudad, nombre, id_departamento) values(829,'La Unión',30);
INSERT INTO ofertas.ciudades(id_aut_ciudad, nombre, id_departamento) values(830,'La Victoria',30);
INSERT INTO ofertas.ciudades(id_aut_ciudad, nombre, id_departamento) values(831,'Obando',30);
INSERT INTO ofertas.ciudades(id_aut_ciudad, nombre, id_departamento) values(832,'Palmira',30);
INSERT INTO ofertas.ciudades(id_aut_ciudad, nombre, id_departamento) values(833,'Pradera',30);
INSERT INTO ofertas.ciudades(id_aut_ciudad, nombre, id_departamento) values(834,'Restrepo',30);
INSERT INTO ofertas.ciudades(id_aut_ciudad, nombre, id_departamento) values(835,'Riofrío',30);
INSERT INTO ofertas.ciudades(id_aut_ciudad, nombre, id_departamento) values(836,'Roldanillo',30);
INSERT INTO ofertas.ciudades(id_aut_ciudad, nombre, id_departamento) values(837,'San Pedro',30);
INSERT INTO ofertas.ciudades(id_aut_ciudad, nombre, id_departamento) values(838,'Sevilla',30);
INSERT INTO ofertas.ciudades(id_aut_ciudad, nombre, id_departamento) values(839,'Toro',30);
INSERT INTO ofertas.ciudades(id_aut_ciudad, nombre, id_departamento) values(840,'Trujillo',30);
INSERT INTO ofertas.ciudades(id_aut_ciudad, nombre, id_departamento) values(841,'Tuluá',30);
INSERT INTO ofertas.ciudades(id_aut_ciudad, nombre, id_departamento) values(842,'Ulloa',30);
INSERT INTO ofertas.ciudades(id_aut_ciudad, nombre, id_departamento) values(843,'Versalles',30);
INSERT INTO ofertas.ciudades(id_aut_ciudad, nombre, id_departamento) values(844,'Vijes',30);
INSERT INTO ofertas.ciudades(id_aut_ciudad, nombre, id_departamento) values(845,'Yotoco',30);
INSERT INTO ofertas.ciudades(id_aut_ciudad, nombre, id_departamento) values(846,'Yumbo',30);
INSERT INTO ofertas.ciudades(id_aut_ciudad, nombre, id_departamento) values(847,'Zarzal',30);

INSERT INTO ofertas.ciudades(id_aut_ciudad, nombre, id_departamento) values(848,'Carurú',31);
INSERT INTO ofertas.ciudades(id_aut_ciudad, nombre, id_departamento) values(849,'Mitú',31);
INSERT INTO ofertas.ciudades(id_aut_ciudad, nombre, id_departamento) values(850,'Pacoa',31);
INSERT INTO ofertas.ciudades(id_aut_ciudad, nombre, id_departamento) values(851,'Papunaua',31);
INSERT INTO ofertas.ciudades(id_aut_ciudad, nombre, id_departamento) values(852,'Taraira',31);
INSERT INTO ofertas.ciudades(id_aut_ciudad, nombre, id_departamento) values(853,'Yavaraté',31);

INSERT INTO ofertas.ciudades(id_aut_ciudad, nombre, id_departamento) values(854,'Cumaribo',32);
INSERT INTO ofertas.ciudades(id_aut_ciudad, nombre, id_departamento) values(855,'La Primavera',32);
INSERT INTO ofertas.ciudades(id_aut_ciudad, nombre, id_departamento) values(856,'Puerto Carreño',32);
INSERT INTO ofertas.ciudades(id_aut_ciudad, nombre, id_departamento) values(857,'Santa Rosalía',32);


INSERT INTO ofertas.ciudades(id_aut_ciudad, nombre, id_departamento) values(858,'Puerto Nare',2);
INSERT INTO ofertas.ciudades(id_aut_ciudad, nombre, id_departamento) values(859,'Puerto Triunfo',2);
INSERT INTO ofertas.ciudades(id_aut_ciudad, nombre, id_departamento) values(860,'Yondó',2);
INSERT INTO ofertas.ciudades(id_aut_ciudad, nombre, id_departamento) values(861,'Amalfi',2);
INSERT INTO ofertas.ciudades(id_aut_ciudad, nombre, id_departamento) values(862,'Anorí',2);
INSERT INTO ofertas.ciudades(id_aut_ciudad, nombre, id_departamento) values(863,'Cisneros',2);
INSERT INTO ofertas.ciudades(id_aut_ciudad, nombre, id_departamento) values(864,'Remedios',2);
INSERT INTO ofertas.ciudades(id_aut_ciudad, nombre, id_departamento) values(865,'San Roque',2);
INSERT INTO ofertas.ciudades(id_aut_ciudad, nombre, id_departamento) values(866,'Santo Domingo',2);
INSERT INTO ofertas.ciudades(id_aut_ciudad, nombre, id_departamento) values(867,'Segovia',2);
INSERT INTO ofertas.ciudades(id_aut_ciudad, nombre, id_departamento) values(868,'Vegachí',2);
INSERT INTO ofertas.ciudades(id_aut_ciudad, nombre, id_departamento) values(869,'Yalí',2);
INSERT INTO ofertas.ciudades(id_aut_ciudad, nombre, id_departamento) values(870,'Yolombó',2);
INSERT INTO ofertas.ciudades(id_aut_ciudad, nombre, id_departamento) values(871,'Angostura',2);
INSERT INTO ofertas.ciudades(id_aut_ciudad, nombre, id_departamento) values(872,'Belmira',2);
INSERT INTO ofertas.ciudades(id_aut_ciudad, nombre, id_departamento) values(873,'Briceño',2);
INSERT INTO ofertas.ciudades(id_aut_ciudad, nombre, id_departamento) values(874,'Campamento',2);
INSERT INTO ofertas.ciudades(id_aut_ciudad, nombre, id_departamento) values(875,'Carolina del Príncipe',2);
INSERT INTO ofertas.ciudades(id_aut_ciudad, nombre, id_departamento) values(876,'Donmatías',2);
INSERT INTO ofertas.ciudades(id_aut_ciudad, nombre, id_departamento) values(877,'Entrerríos',2);
INSERT INTO ofertas.ciudades(id_aut_ciudad, nombre, id_departamento) values(878,'Gómez Plata',2);
INSERT INTO ofertas.ciudades(id_aut_ciudad, nombre, id_departamento) values(879,'Guadalupe',2);
INSERT INTO ofertas.ciudades(id_aut_ciudad, nombre, id_departamento) values(880,'Ituango',2);
INSERT INTO ofertas.ciudades(id_aut_ciudad, nombre, id_departamento) values(881,'San Andrés de Cuerquia',2);
INSERT INTO ofertas.ciudades(id_aut_ciudad, nombre, id_departamento) values(882,'San José de la Montaña',2);
INSERT INTO ofertas.ciudades(id_aut_ciudad, nombre, id_departamento) values(883,'San Pedro de los Milagros',2);
INSERT INTO ofertas.ciudades(id_aut_ciudad, nombre, id_departamento) values(884,'Santa Rosa de Osos',2);
INSERT INTO ofertas.ciudades(id_aut_ciudad, nombre, id_departamento) values(885,'Valdivia',2);
INSERT INTO ofertas.ciudades(id_aut_ciudad, nombre, id_departamento) values(886,'Yarumal',2);
INSERT INTO ofertas.ciudades(id_aut_ciudad, nombre, id_departamento) values(887,'Abriaquí',2);
INSERT INTO ofertas.ciudades(id_aut_ciudad, nombre, id_departamento) values(888,'Antioquia',2);
INSERT INTO ofertas.ciudades(id_aut_ciudad, nombre, id_departamento) values(889,'Anzá',2);
INSERT INTO ofertas.ciudades(id_aut_ciudad, nombre, id_departamento) values(890,'Armenia',2);
INSERT INTO ofertas.ciudades(id_aut_ciudad, nombre, id_departamento) values(891,'Buriticá',2);
INSERT INTO ofertas.ciudades(id_aut_ciudad, nombre, id_departamento) values(892,'Caicedo',2);
INSERT INTO ofertas.ciudades(id_aut_ciudad, nombre, id_departamento) values(893,'Cañasgordas',2);
INSERT INTO ofertas.ciudades(id_aut_ciudad, nombre, id_departamento) values(894,'Dabeiba',2);
INSERT INTO ofertas.ciudades(id_aut_ciudad, nombre, id_departamento) values(895,'Ebéjico',2);
INSERT INTO ofertas.ciudades(id_aut_ciudad, nombre, id_departamento) values(896,'Frontino',2);
INSERT INTO ofertas.ciudades(id_aut_ciudad, nombre, id_departamento) values(897,'Giraldo',2);
INSERT INTO ofertas.ciudades(id_aut_ciudad, nombre, id_departamento) values(898,'Heliconia',2);
INSERT INTO ofertas.ciudades(id_aut_ciudad, nombre, id_departamento) values(899,'Liborina',2);
INSERT INTO ofertas.ciudades(id_aut_ciudad, nombre, id_departamento) values(900,'Olaya',2);
INSERT INTO ofertas.ciudades(id_aut_ciudad, nombre, id_departamento) values(901,'Peque',2);
INSERT INTO ofertas.ciudades(id_aut_ciudad, nombre, id_departamento) values(902,'Sabanalarga',2);
INSERT INTO ofertas.ciudades(id_aut_ciudad, nombre, id_departamento) values(903,'San Jerónimo',2);
INSERT INTO ofertas.ciudades(id_aut_ciudad, nombre, id_departamento) values(904,'Sopetrán',2);
INSERT INTO ofertas.ciudades(id_aut_ciudad, nombre, id_departamento) values(905,'Uramita',2);
INSERT INTO ofertas.ciudades(id_aut_ciudad, nombre, id_departamento) values(906,'Abejorral',2);
INSERT INTO ofertas.ciudades(id_aut_ciudad, nombre, id_departamento) values(907,'Alejandría',2);
INSERT INTO ofertas.ciudades(id_aut_ciudad, nombre, id_departamento) values(908,'Argelia',2);
INSERT INTO ofertas.ciudades(id_aut_ciudad, nombre, id_departamento) values(909,'El Carmen de Viboral',2);
INSERT INTO ofertas.ciudades(id_aut_ciudad, nombre, id_departamento) values(910,'Cocorná',2);
INSERT INTO ofertas.ciudades(id_aut_ciudad, nombre, id_departamento) values(911,'Concepción',2);
INSERT INTO ofertas.ciudades(id_aut_ciudad, nombre, id_departamento) values(912,'El Peñol',2);
INSERT INTO ofertas.ciudades(id_aut_ciudad, nombre, id_departamento) values(913,'El Retiro',2);
INSERT INTO ofertas.ciudades(id_aut_ciudad, nombre, id_departamento) values(914,'El Santuario',2);
INSERT INTO ofertas.ciudades(id_aut_ciudad, nombre, id_departamento) values(915,'Granada',2);
INSERT INTO ofertas.ciudades(id_aut_ciudad, nombre, id_departamento) values(916,'Guarne',2);
INSERT INTO ofertas.ciudades(id_aut_ciudad, nombre, id_departamento) values(917,'Guatapé',2);
INSERT INTO ofertas.ciudades(id_aut_ciudad, nombre, id_departamento) values(918,'La Ceja',2);
INSERT INTO ofertas.ciudades(id_aut_ciudad, nombre, id_departamento) values(919,'La Unión',2);
INSERT INTO ofertas.ciudades(id_aut_ciudad, nombre, id_departamento) values(920,'Marinilla',2);
INSERT INTO ofertas.ciudades(id_aut_ciudad, nombre, id_departamento) values(921,'Nariño',2);
INSERT INTO ofertas.ciudades(id_aut_ciudad, nombre, id_departamento) values(922,'Rionegro',2);
INSERT INTO ofertas.ciudades(id_aut_ciudad, nombre, id_departamento) values(923,'San Carlos',2);
INSERT INTO ofertas.ciudades(id_aut_ciudad, nombre, id_departamento) values(924,'San Francisco',2);
INSERT INTO ofertas.ciudades(id_aut_ciudad, nombre, id_departamento) values(925,'San Luis',2);
INSERT INTO ofertas.ciudades(id_aut_ciudad, nombre, id_departamento) values(926,'San Rafael',2);
INSERT INTO ofertas.ciudades(id_aut_ciudad, nombre, id_departamento) values(927,'San Vicente',2);
INSERT INTO ofertas.ciudades(id_aut_ciudad, nombre, id_departamento) values(928,'Sonsón',2);
INSERT INTO ofertas.ciudades(id_aut_ciudad, nombre, id_departamento) values(929,'Amagá',2);
INSERT INTO ofertas.ciudades(id_aut_ciudad, nombre, id_departamento) values(930,'Andes',2);
INSERT INTO ofertas.ciudades(id_aut_ciudad, nombre, id_departamento) values(931,'Angelópolis',2);
INSERT INTO ofertas.ciudades(id_aut_ciudad, nombre, id_departamento) values(932,'Betania',2);
INSERT INTO ofertas.ciudades(id_aut_ciudad, nombre, id_departamento) values(933,'Betulia',2);
INSERT INTO ofertas.ciudades(id_aut_ciudad, nombre, id_departamento) values(934,'Caramanta',2);

INSERT INTO ofertas.ciudades(id_aut_ciudad, nombre, id_departamento) values(935,'Ciudad Bolívar',2);
INSERT INTO ofertas.ciudades(id_aut_ciudad, nombre, id_departamento) values(936,'Concordia',2);
INSERT INTO ofertas.ciudades(id_aut_ciudad, nombre, id_departamento) values(937,'Fredonia',2);
INSERT INTO ofertas.ciudades(id_aut_ciudad, nombre, id_departamento) values(938,'Hispania',2);
INSERT INTO ofertas.ciudades(id_aut_ciudad, nombre, id_departamento) values(939,'Jardín',2);
INSERT INTO ofertas.ciudades(id_aut_ciudad, nombre, id_departamento) values(940,'Jericó',2);
INSERT INTO ofertas.ciudades(id_aut_ciudad, nombre, id_departamento) values(941,'La Pintada',2);
INSERT INTO ofertas.ciudades(id_aut_ciudad, nombre, id_departamento) values(942,'Montebello',2);
INSERT INTO ofertas.ciudades(id_aut_ciudad, nombre, id_departamento) values(943,'Pueblorrico',2);
INSERT INTO ofertas.ciudades(id_aut_ciudad, nombre, id_departamento) values(944,'Salgar',2);
INSERT INTO ofertas.ciudades(id_aut_ciudad, nombre, id_departamento) values(945,'Santa Bárbara',2);
INSERT INTO ofertas.ciudades(id_aut_ciudad, nombre, id_departamento) values(946,'Támesis',2);
INSERT INTO ofertas.ciudades(id_aut_ciudad, nombre, id_departamento) values(947,'Tarso',2);
INSERT INTO ofertas.ciudades(id_aut_ciudad, nombre, id_departamento) values(948,'Titiribí',2);
INSERT INTO ofertas.ciudades(id_aut_ciudad, nombre, id_departamento) values(949,'Urrao',2);
INSERT INTO ofertas.ciudades(id_aut_ciudad, nombre, id_departamento) values(950,'Valparaíso',2);
INSERT INTO ofertas.ciudades(id_aut_ciudad, nombre, id_departamento) values(951,'Venecia',2);
INSERT INTO ofertas.ciudades(id_aut_ciudad, nombre, id_departamento) values(952,'Apartadó',2);
INSERT INTO ofertas.ciudades(id_aut_ciudad, nombre, id_departamento) values(953,'Arboletes',2);
INSERT INTO ofertas.ciudades(id_aut_ciudad, nombre, id_departamento) values(954,'Carepa',2);
INSERT INTO ofertas.ciudades(id_aut_ciudad, nombre, id_departamento) values(955,'Chigorodó',2);
INSERT INTO ofertas.ciudades(id_aut_ciudad, nombre, id_departamento) values(956,'Murindó',2);
INSERT INTO ofertas.ciudades(id_aut_ciudad, nombre, id_departamento) values(957,'Mutatá',2);
INSERT INTO ofertas.ciudades(id_aut_ciudad, nombre, id_departamento) values(958,'Necoclí',2);
INSERT INTO ofertas.ciudades(id_aut_ciudad, nombre, id_departamento) values(959,'San Juan de Urabá',2);
INSERT INTO ofertas.ciudades(id_aut_ciudad, nombre, id_departamento) values(960,'San Pedro de Urabá',2);
INSERT INTO ofertas.ciudades(id_aut_ciudad, nombre, id_departamento) values(961,'Turbo',2);
INSERT INTO ofertas.ciudades(id_aut_ciudad, nombre, id_departamento) values(962,'Vigía del Fuerte',2);
INSERT INTO ofertas.ciudades(id_aut_ciudad, nombre, id_departamento) values(963,'Barbosa',2);
INSERT INTO ofertas.ciudades(id_aut_ciudad, nombre, id_departamento) values(964,'Bello',2);
INSERT INTO ofertas.ciudades(id_aut_ciudad, nombre, id_departamento) values(965,'Caldas',2);
INSERT INTO ofertas.ciudades(id_aut_ciudad, nombre, id_departamento) values(966,'Copacabana',2);
INSERT INTO ofertas.ciudades(id_aut_ciudad, nombre, id_departamento) values(967,'Envigado',2);
INSERT INTO ofertas.ciudades(id_aut_ciudad, nombre, id_departamento) values(968,'Girardota',2);
INSERT INTO ofertas.ciudades(id_aut_ciudad, nombre, id_departamento) values(969,'Itagüí',2);
INSERT INTO ofertas.ciudades(id_aut_ciudad, nombre, id_departamento) values(970,'La Estrella',2);
INSERT INTO ofertas.ciudades(id_aut_ciudad, nombre, id_departamento) values(971,'Medellín',2);
INSERT INTO ofertas.ciudades(id_aut_ciudad, nombre, id_departamento) values(972,'Sabaneta',2);

INSERT INTO ofertas.ciudades(id_aut_ciudad, nombre, id_departamento) values(973,'Chiscas',6);
INSERT INTO ofertas.ciudades(id_aut_ciudad, nombre, id_departamento) values(974,'El Cocuy',6);
INSERT INTO ofertas.ciudades(id_aut_ciudad, nombre, id_departamento) values(975,'El Espino',6);
INSERT INTO ofertas.ciudades(id_aut_ciudad, nombre, id_departamento) values(976,'Guacamayas',6);
INSERT INTO ofertas.ciudades(id_aut_ciudad, nombre, id_departamento) values(977,'Güicán',6);
INSERT INTO ofertas.ciudades(id_aut_ciudad, nombre, id_departamento) values(978,'Panqueba',6);
INSERT INTO ofertas.ciudades(id_aut_ciudad, nombre, id_departamento) values(979,'Labranzagrande',6);
INSERT INTO ofertas.ciudades(id_aut_ciudad, nombre, id_departamento) values(980,'Pajarito',6);
INSERT INTO ofertas.ciudades(id_aut_ciudad, nombre, id_departamento) values(981,'Paya',6);
INSERT INTO ofertas.ciudades(id_aut_ciudad, nombre, id_departamento) values(982,'Pisba',6);
INSERT INTO ofertas.ciudades(id_aut_ciudad, nombre, id_departamento) values(983,'Berbeo',6);
INSERT INTO ofertas.ciudades(id_aut_ciudad, nombre, id_departamento) values(984,'Campohermoso',6);
INSERT INTO ofertas.ciudades(id_aut_ciudad, nombre, id_departamento) values(985,'Miraflores',6);
INSERT INTO ofertas.ciudades(id_aut_ciudad, nombre, id_departamento) values(986,'Páez',6);
INSERT INTO ofertas.ciudades(id_aut_ciudad, nombre, id_departamento) values(987,'San Eduardo',6);
INSERT INTO ofertas.ciudades(id_aut_ciudad, nombre, id_departamento) values(988,'Zetaquira',6);
INSERT INTO ofertas.ciudades(id_aut_ciudad, nombre, id_departamento) values(989,'Boyacá',6);
INSERT INTO ofertas.ciudades(id_aut_ciudad, nombre, id_departamento) values(990,'Ciénega',6);
INSERT INTO ofertas.ciudades(id_aut_ciudad, nombre, id_departamento) values(991,'Jenesano',6);
INSERT INTO ofertas.ciudades(id_aut_ciudad, nombre, id_departamento) values(992,'Nuevo Colón',6);
INSERT INTO ofertas.ciudades(id_aut_ciudad, nombre, id_departamento) values(993,'Ramiriquí',6);
INSERT INTO ofertas.ciudades(id_aut_ciudad, nombre, id_departamento) values(994,'Rondón',6);
INSERT INTO ofertas.ciudades(id_aut_ciudad, nombre, id_departamento) values(995,'Tibaná',6);
INSERT INTO ofertas.ciudades(id_aut_ciudad, nombre, id_departamento) values(996,'Turmequé',6);
INSERT INTO ofertas.ciudades(id_aut_ciudad, nombre, id_departamento) values(997,'Úmbita',6);
INSERT INTO ofertas.ciudades(id_aut_ciudad, nombre, id_departamento) values(998,'Viracachá',6);
INSERT INTO ofertas.ciudades(id_aut_ciudad, nombre, id_departamento) values(999,'Chinavita',6);
INSERT INTO ofertas.ciudades(id_aut_ciudad, nombre, id_departamento) values(1000,'Garagoa	',6);
INSERT INTO ofertas.ciudades(id_aut_ciudad, nombre, id_departamento) values(1001,'Macanal',6);
INSERT INTO ofertas.ciudades(id_aut_ciudad, nombre, id_departamento) values(1002,'Pachavita',6);
INSERT INTO ofertas.ciudades(id_aut_ciudad, nombre, id_departamento) values(1003,'San Luis de Gaceno',6);
INSERT INTO ofertas.ciudades(id_aut_ciudad, nombre, id_departamento) values(1004,'Santa María',6);
INSERT INTO ofertas.ciudades(id_aut_ciudad, nombre, id_departamento) values(1005,'Boavita',6);
INSERT INTO ofertas.ciudades(id_aut_ciudad, nombre, id_departamento) values(1006,'Covarachía',6);
INSERT INTO ofertas.ciudades(id_aut_ciudad, nombre, id_departamento) values(1007,'La Uvita',6);
INSERT INTO ofertas.ciudades(id_aut_ciudad, nombre, id_departamento) values(1008,'San Mateo',6);
INSERT INTO ofertas.ciudades(id_aut_ciudad, nombre, id_departamento) values(1009,'Sativanorte',6);
INSERT INTO ofertas.ciudades(id_aut_ciudad, nombre, id_departamento) values(1010,'Sativasur',6);
INSERT INTO ofertas.ciudades(id_aut_ciudad, nombre, id_departamento) values(1011,'Soatá',6);
INSERT INTO ofertas.ciudades(id_aut_ciudad, nombre, id_departamento) values(1012,'Susacón',6);
INSERT INTO ofertas.ciudades(id_aut_ciudad, nombre, id_departamento) values(1013,'Tipacoque',6);
INSERT INTO ofertas.ciudades(id_aut_ciudad, nombre, id_departamento) values(1014,'Briceño',6);
INSERT INTO ofertas.ciudades(id_aut_ciudad, nombre, id_departamento) values(1015,'Buenavista',6);
INSERT INTO ofertas.ciudades(id_aut_ciudad, nombre, id_departamento) values(1016,'Caldas',6);
INSERT INTO ofertas.ciudades(id_aut_ciudad, nombre, id_departamento) values(1017,'Chiquinquirá',6);
INSERT INTO ofertas.ciudades(id_aut_ciudad, nombre, id_departamento) values(1018,'Coper',6);
INSERT INTO ofertas.ciudades(id_aut_ciudad, nombre, id_departamento) values(1019,'La Victoria',6);
INSERT INTO ofertas.ciudades(id_aut_ciudad, nombre, id_departamento) values(1020,'Maripí',6);
INSERT INTO ofertas.ciudades(id_aut_ciudad, nombre, id_departamento) values(1021,'Muzo',6);
INSERT INTO ofertas.ciudades(id_aut_ciudad, nombre, id_departamento) values(1022,'Otanche',6);
INSERT INTO ofertas.ciudades(id_aut_ciudad, nombre, id_departamento) values(1023,'Pauna',6);
INSERT INTO ofertas.ciudades(id_aut_ciudad, nombre, id_departamento) values(1024,'Quípama',6);
INSERT INTO ofertas.ciudades(id_aut_ciudad, nombre, id_departamento) values(1025,'Saboyá',6);
INSERT INTO ofertas.ciudades(id_aut_ciudad, nombre, id_departamento) values(1026,'San Miguel de Sema',6);
INSERT INTO ofertas.ciudades(id_aut_ciudad, nombre, id_departamento) values(1027,'San Pablo de Borbur',6);
INSERT INTO ofertas.ciudades(id_aut_ciudad, nombre, id_departamento) values(1028,'Tununguá',6);
INSERT INTO ofertas.ciudades(id_aut_ciudad, nombre, id_departamento) values(1029,'Almeida',6);
INSERT INTO ofertas.ciudades(id_aut_ciudad, nombre, id_departamento) values(1030,'Chivor',6);
INSERT INTO ofertas.ciudades(id_aut_ciudad, nombre, id_departamento) values(1031,'Guateque',6);
INSERT INTO ofertas.ciudades(id_aut_ciudad, nombre, id_departamento) values(1032,'Guayatá',6);
INSERT INTO ofertas.ciudades(id_aut_ciudad, nombre, id_departamento) values(1033,'La Capilla',6);
INSERT INTO ofertas.ciudades(id_aut_ciudad, nombre, id_departamento) values(1034,'Somondoco',6);
INSERT INTO ofertas.ciudades(id_aut_ciudad, nombre, id_departamento) values(1035,'Sutatenza',6);
INSERT INTO ofertas.ciudades(id_aut_ciudad, nombre, id_departamento) values(1036,'Tenza',6);
INSERT INTO ofertas.ciudades(id_aut_ciudad, nombre, id_departamento) values(1037,'Arcabuco',6);
INSERT INTO ofertas.ciudades(id_aut_ciudad, nombre, id_departamento) values(1038,'Chitaraque',6);
INSERT INTO ofertas.ciudades(id_aut_ciudad, nombre, id_departamento) values(1039,'Gachantivá',6);
INSERT INTO ofertas.ciudades(id_aut_ciudad, nombre, id_departamento) values(1040,'Moniquirá',6);
INSERT INTO ofertas.ciudades(id_aut_ciudad, nombre, id_departamento) values(1041,'Ráquira',6);
INSERT INTO ofertas.ciudades(id_aut_ciudad, nombre, id_departamento) values(1042,'Sáchica',6);
INSERT INTO ofertas.ciudades(id_aut_ciudad, nombre, id_departamento) values(1043,'San José de Pare',6);
INSERT INTO ofertas.ciudades(id_aut_ciudad, nombre, id_departamento) values(1044,'Santa Sofía',6);
INSERT INTO ofertas.ciudades(id_aut_ciudad, nombre, id_departamento) values(1045,'Santana',6);
INSERT INTO ofertas.ciudades(id_aut_ciudad, nombre, id_departamento) values(1046,'Sutamarchán',6);
INSERT INTO ofertas.ciudades(id_aut_ciudad, nombre, id_departamento) values(1047,'Tinjacá',6);
INSERT INTO ofertas.ciudades(id_aut_ciudad, nombre, id_departamento) values(1048,'Togüí',6);
INSERT INTO ofertas.ciudades(id_aut_ciudad, nombre, id_departamento) values(1049,'Villa de Leyva',6);
INSERT INTO ofertas.ciudades(id_aut_ciudad, nombre, id_departamento) values(1050,'Aquitania',6);
INSERT INTO ofertas.ciudades(id_aut_ciudad, nombre, id_departamento) values(1051,'Cuítiva',6);
INSERT INTO ofertas.ciudades(id_aut_ciudad, nombre, id_departamento) values(1052,'Firavitoba',6);
INSERT INTO ofertas.ciudades(id_aut_ciudad, nombre, id_departamento) values(1053,'Gámeza',6);
INSERT INTO ofertas.ciudades(id_aut_ciudad, nombre, id_departamento) values(1054,'Iza',6);
INSERT INTO ofertas.ciudades(id_aut_ciudad, nombre, id_departamento) values(1055,'Mongua',6);
INSERT INTO ofertas.ciudades(id_aut_ciudad, nombre, id_departamento) values(1056,'Monguí',6);
INSERT INTO ofertas.ciudades(id_aut_ciudad, nombre, id_departamento) values(1057,'Nobsa',6);
INSERT INTO ofertas.ciudades(id_aut_ciudad, nombre, id_departamento) values(1058,'Pesca',6);
INSERT INTO ofertas.ciudades(id_aut_ciudad, nombre, id_departamento) values(1059,'Sogamoso',6);
INSERT INTO ofertas.ciudades(id_aut_ciudad, nombre, id_departamento) values(1060,'Tibasosa',6);
INSERT INTO ofertas.ciudades(id_aut_ciudad, nombre, id_departamento) values(1061,'Tópaga',6);
INSERT INTO ofertas.ciudades(id_aut_ciudad, nombre, id_departamento) values(1062,'Tota',6);
INSERT INTO ofertas.ciudades(id_aut_ciudad, nombre, id_departamento) values(1063,'Belén',6);
INSERT INTO ofertas.ciudades(id_aut_ciudad, nombre, id_departamento) values(1064,'Busbanzá',6);
INSERT INTO ofertas.ciudades(id_aut_ciudad, nombre, id_departamento) values(1065,'Cerinza',6);
INSERT INTO ofertas.ciudades(id_aut_ciudad, nombre, id_departamento) values(1066,'Corrales',6);
INSERT INTO ofertas.ciudades(id_aut_ciudad, nombre, id_departamento) values(1067,'Duitama',6);
INSERT INTO ofertas.ciudades(id_aut_ciudad, nombre, id_departamento) values(1068,'Floresta',6);
INSERT INTO ofertas.ciudades(id_aut_ciudad, nombre, id_departamento) values(1069,'Paipa',6);
INSERT INTO ofertas.ciudades(id_aut_ciudad, nombre, id_departamento) values(1070,'Santa Rosa de Viterbo',6);
INSERT INTO ofertas.ciudades(id_aut_ciudad, nombre, id_departamento) values(1071,'Tutazá',6);
INSERT INTO ofertas.ciudades(id_aut_ciudad, nombre, id_departamento) values(1072,'Betéitiva',6);
INSERT INTO ofertas.ciudades(id_aut_ciudad, nombre, id_departamento) values(1073,'Chita',6);
INSERT INTO ofertas.ciudades(id_aut_ciudad, nombre, id_departamento) values(1074,'Jericó',6);
INSERT INTO ofertas.ciudades(id_aut_ciudad, nombre, id_departamento) values(1075,'Paz de Río',6);
INSERT INTO ofertas.ciudades(id_aut_ciudad, nombre, id_departamento) values(1076,'Socha',6);
INSERT INTO ofertas.ciudades(id_aut_ciudad, nombre, id_departamento) values(1077,'Socotá',6);
INSERT INTO ofertas.ciudades(id_aut_ciudad, nombre, id_departamento) values(1078,'Tasco',6);
INSERT INTO ofertas.ciudades(id_aut_ciudad, nombre, id_departamento) values(1079,'Cubará',6);
INSERT INTO ofertas.ciudades(id_aut_ciudad, nombre, id_departamento) values(1080,'Puerto Boyacá',6);
INSERT INTO ofertas.ciudades(id_aut_ciudad, nombre, id_departamento) values(1081,'Bogota',33);

-- ===================================================================================================
COMMIT;