--- ofertas.pais ---

INSERT INTO  ofertas.pais (id_aut_pais , nombre) VALUES (1, 'Afganistan');
INSERT INTO  ofertas.pais (id_aut_pais , nombre) VALUES (2, 'Albania' );
INSERT INTO  ofertas.pais (id_aut_pais , nombre) VALUES (3, 'Alemania');
INSERT INTO  ofertas.pais (id_aut_pais , nombre) VALUES (4, 'Andorra');
INSERT INTO  ofertas.pais (id_aut_pais , nombre) VALUES (5, 'Angola');
INSERT INTO  ofertas.pais (id_aut_pais , nombre) VALUES (6, 'Antigua y Burduba');
INSERT INTO  ofertas.pais (id_aut_pais , nombre) VALUES (7, 'Arabia Saudita');
INSERT INTO  ofertas.pais (id_aut_pais , nombre) VALUES (8, 'Argelia');
INSERT INTO  ofertas.pais (id_aut_pais , nombre) VALUES (9, 'Argentina');
INSERT INTO  ofertas.pais (id_aut_pais , nombre) VALUES (10,'Armenia');
INSERT INTO  ofertas.pais (id_aut_pais , nombre) VALUES (11,'Australia');
INSERT INTO  ofertas.pais (id_aut_pais , nombre) VALUES (12,'Austria');
INSERT INTO  ofertas.pais (id_aut_pais , nombre) VALUES (13,'Azerbaiyán:');
INSERT INTO  ofertas.pais (id_aut_pais , nombre) VALUES (14,'Bahamas');
INSERT INTO  ofertas.pais (id_aut_pais , nombre) VALUES (15,'Bangladés');
INSERT INTO  ofertas.pais (id_aut_pais , nombre) VALUES (16,'Barbados');
INSERT INTO  ofertas.pais (id_aut_pais , nombre) VALUES (17,'Baréin');
INSERT INTO  ofertas.pais (id_aut_pais , nombre) VALUES (18,'Bélgica');
INSERT INTO  ofertas.pais (id_aut_pais , nombre) VALUES (19,'Belice');
INSERT INTO  ofertas.pais (id_aut_pais , nombre) VALUES (20,'Benín');
INSERT INTO  ofertas.pais (id_aut_pais , nombre) VALUES (21,'Bielorrusia');
INSERT INTO  ofertas.pais (id_aut_pais , nombre) VALUES (22,'Birmania');
INSERT INTO  ofertas.pais (id_aut_pais , nombre) VALUES (23,'Bolivia');
INSERT INTO  ofertas.pais (id_aut_pais , nombre) VALUES (24,'Bosnia y Herzegovina');
INSERT INTO  ofertas.pais (id_aut_pais , nombre) VALUES (25,'Botsuana');
INSERT INTO  ofertas.pais (id_aut_pais , nombre) VALUES (26,'Brasil');
INSERT INTO  ofertas.pais (id_aut_pais , nombre) VALUES (27,'Brunéi');
INSERT INTO  ofertas.pais (id_aut_pais , nombre) VALUES (28,'Bulgaria');
INSERT INTO  ofertas.pais (id_aut_pais , nombre) VALUES (29,'Burkina Faso');
INSERT INTO  ofertas.pais (id_aut_pais , nombre) VALUES (30,'Burundi');
INSERT INTO  ofertas.pais (id_aut_pais , nombre) VALUES (31,'Bután');
INSERT INTO  ofertas.pais (id_aut_pais , nombre) VALUES (32,'Cabo Verde');
INSERT INTO  ofertas.pais (id_aut_pais , nombre) VALUES (33,'Camboya');
INSERT INTO  ofertas.pais (id_aut_pais , nombre) VALUES (34,'Camerún');
INSERT INTO  ofertas.pais (id_aut_pais , nombre) VALUES (35,'Canadá');
INSERT INTO  ofertas.pais (id_aut_pais , nombre) VALUES (36,'Catar');
INSERT INTO  ofertas.pais (id_aut_pais , nombre) VALUES (37,'Chad');
INSERT INTO  ofertas.pais (id_aut_pais , nombre) VALUES (38,'Chile');
INSERT INTO  ofertas.pais (id_aut_pais , nombre) VALUES (39,'China');
INSERT INTO  ofertas.pais (id_aut_pais , nombre) VALUES (40,'Chipre');
INSERT INTO  ofertas.pais (id_aut_pais , nombre) VALUES (41,'Ciudad del Vaticano');
INSERT INTO  ofertas.pais (id_aut_pais , nombre) VALUES (42, 'Colombia');
INSERT INTO  ofertas.pais (id_aut_pais , nombre) VALUES (43, 'Comoras');
INSERT INTO  ofertas.pais (id_aut_pais , nombre) VALUES (44, 'Corea del Norte');
INSERT INTO  ofertas.pais (id_aut_pais , nombre) VALUES (45, 'Corea del Sur');
INSERT INTO  ofertas.pais (id_aut_pais , nombre) VALUES (46, 'Costa de Marfil');
INSERT INTO  ofertas.pais (id_aut_pais , nombre) VALUES (47, 'Costa Rica');
INSERT INTO  ofertas.pais (id_aut_pais , nombre) VALUES (48, 'Croacia');
INSERT INTO  ofertas.pais (id_aut_pais , nombre) VALUES (49, 'Cuba');
INSERT INTO  ofertas.pais (id_aut_pais , nombre) VALUES (50, 'Dinamarca');
INSERT INTO  ofertas.pais (id_aut_pais , nombre) VALUES (51, 'Dominica');
INSERT INTO  ofertas.pais (id_aut_pais , nombre) VALUES (52, 'Ecuador');
INSERT INTO  ofertas.pais (id_aut_pais , nombre) VALUES (53, 'Egipto');
INSERT INTO  ofertas.pais (id_aut_pais , nombre) VALUES (54, 'El Salvador');
INSERT INTO  ofertas.pais (id_aut_pais , nombre) VALUES (55, 'Emiratos Árabes Unidos');
INSERT INTO  ofertas.pais (id_aut_pais , nombre) VALUES (56, 'Eritrea');
INSERT INTO  ofertas.pais (id_aut_pais , nombre) VALUES (57, 'Eslovaquia');
INSERT INTO  ofertas.pais (id_aut_pais , nombre) VALUES (58, 'Eslovenia');
INSERT INTO  ofertas.pais (id_aut_pais , nombre) VALUES (59, 'España');
INSERT INTO  ofertas.pais (id_aut_pais , nombre) VALUES (60, 'Estados Unidos');

--- ofertas.departamentos  ---
INSERT INTO ofertas.departamentos(id_aut_dep, nombre, id_pais_fk) values(1,'Amazonas',42);
INSERT INTO ofertas.departamentos(id_aut_dep, nombre, id_pais_fk) values(2,'Antioquia',42);
INSERT INTO ofertas.departamentos(id_aut_dep, nombre, id_pais_fk) values(3,'Arauca',42);
INSERT INTO ofertas.departamentos(id_aut_dep, nombre, id_pais_fk) values(4,'Atlantico',42);
INSERT INTO ofertas.departamentos(id_aut_dep, nombre, id_pais_fk) values(5,'Bolivar',42);
INSERT INTO ofertas.departamentos(id_aut_dep, nombre, id_pais_fk) values(6,'Boyaca',42);
INSERT INTO ofertas.departamentos(id_aut_dep, nombre, id_pais_fk) values(7,'Caldas',42);
INSERT INTO ofertas.departamentos(id_aut_dep, nombre, id_pais_fk) values(8,'Caquetá',42);
INSERT INTO ofertas.departamentos(id_aut_dep, nombre, id_pais_fk) values(9,'Casanare',42);
INSERT INTO ofertas.departamentos(id_aut_dep, nombre, id_pais_fk) values(10,'Cauca',42);
INSERT INTO ofertas.departamentos(id_aut_dep, nombre, id_pais_fk) values(11,'Cesar',42);
INSERT INTO ofertas.departamentos(id_aut_dep, nombre, id_pais_fk) values(12,'Chocó',42);
INSERT INTO ofertas.departamentos(id_aut_dep, nombre, id_pais_fk) values(13,'Córdoba',42);
INSERT INTO ofertas.departamentos(id_aut_dep, nombre, id_pais_fk) values(14,'Cundinamarca',42);
INSERT INTO ofertas.departamentos(id_aut_dep, nombre, id_pais_fk) values(15,'Guainía',42);
INSERT INTO ofertas.departamentos(id_aut_dep, nombre, id_pais_fk) values(16,'Guaviare',42);
INSERT INTO ofertas.departamentos(id_aut_dep, nombre, id_pais_fk) values(17,'Huila',42);
INSERT INTO ofertas.departamentos(id_aut_dep, nombre, id_pais_fk) values(18,'La Guajira',42);
INSERT INTO ofertas.departamentos(id_aut_dep, nombre, id_pais_fk) values(19,'Magdalena',42);
INSERT INTO ofertas.departamentos(id_aut_dep, nombre, id_pais_fk) values(20,'Meta',42);
INSERT INTO ofertas.departamentos(id_aut_dep, nombre, id_pais_fk) values(21,'Nariño',42);
INSERT INTO ofertas.departamentos(id_aut_dep, nombre, id_pais_fk) values(22,'Norte de Santander',42);
INSERT INTO ofertas.departamentos(id_aut_dep, nombre, id_pais_fk) values(23,'Putumayo',42);
INSERT INTO ofertas.departamentos(id_aut_dep, nombre, id_pais_fk) values(24,'Quindío',42);
INSERT INTO ofertas.departamentos(id_aut_dep, nombre, id_pais_fk) values(25,'Risaralda',42);
INSERT INTO ofertas.departamentos(id_aut_dep, nombre, id_pais_fk) values(26,'San Andrés y Providencia',42);
INSERT INTO ofertas.departamentos(id_aut_dep, nombre, id_pais_fk) values(27,'Santander',42);
INSERT INTO ofertas.departamentos(id_aut_dep, nombre, id_pais_fk) values(28,'Sucre',42);
INSERT INTO ofertas.departamentos(id_aut_dep, nombre, id_pais_fk) values(29,'Tolima',42);
INSERT INTO ofertas.departamentos(id_aut_dep, nombre, id_pais_fk) values(30,'Valle del Cauca',42);
INSERT INTO ofertas.departamentos(id_aut_dep, nombre, id_pais_fk) values(31,'Vaupés',42);
INSERT INTO ofertas.departamentos(id_aut_dep, nombre, id_pais_fk) values(32,'Vichada',42);

--- ofertas.ciudades  ---

INSERT INTO ofertas.ciudades(id_aut_ciudad, nombre, id_departamento) values(1,'El Encanto',1);
INSERT INTO ofertas.ciudades(id_aut_ciudad, nombre, id_departamento) values(2,'La Chorrera',1);
INSERT INTO ofertas.ciudades(id_aut_ciudad, nombre, id_departamento) values(3,'La Pedrera',1);
INSERT INTO ofertas.ciudades(id_aut_ciudad, nombre, id_departamento) values(4,'La Victoria',1);
INSERT INTO ofertas.ciudades(id_aut_ciudad, nombre, id_departamento) values(5,'Leticia',1);
INSERT INTO ofertas.ciudades(id_aut_ciudad, nombre, id_departamento) values(6,'Mirití-Paraná',1);
INSERT INTO ofertas.ciudades(id_aut_ciudad, nombre, id_departamento) values(7,'Puerto Alegría',1);
INSERT INTO ofertas.ciudades(id_aut_ciudad, nombre, id_departamento) values(8,'Puerto Arica',1);
INSERT INTO ofertas.ciudades(id_aut_ciudad, nombre, id_departamento) values(9,'Puerto Nariño',1);
INSERT INTO ofertas.ciudades(id_aut_ciudad, nombre, id_departamento) values(10,'Puerto Santander',1);
INSERT INTO ofertas.ciudades(id_aut_ciudad, nombre, id_departamento) values(11,'Tarapacá',1);

INSERT INTO ofertas.ciudades(id_aut_ciudad, nombre, id_departamento) values(12,'Bajo Cauca',2);
INSERT INTO ofertas.ciudades(id_aut_ciudad, nombre, id_departamento) values(13,'Magdalena Medio',2);
INSERT INTO ofertas.ciudades(id_aut_ciudad, nombre, id_departamento) values(14,'Nordeste Antioqueño',2);
INSERT INTO ofertas.ciudades(id_aut_ciudad, nombre, id_departamento) values(15,'Norte Antioqueño',2);
INSERT INTO ofertas.ciudades(id_aut_ciudad, nombre, id_departamento) values(16,'Occidente Antioqueño',2);
INSERT INTO ofertas.ciudades(id_aut_ciudad, nombre, id_departamento) values(17,'Oriente Antioqueño',2);
INSERT INTO ofertas.ciudades(id_aut_ciudad, nombre, id_departamento) values(18,'Suroeste Antioqueño',2);
INSERT INTO ofertas.ciudades(id_aut_ciudad, nombre, id_departamento) values(19,'Urabá',2);
INSERT INTO ofertas.ciudades(id_aut_ciudad, nombre, id_departamento) values(20,'Valle de Aburrá',2);

INSERT INTO ofertas.ciudades(id_aut_ciudad, nombre, id_departamento) values(21,'Arauca',3);
INSERT INTO ofertas.ciudades(id_aut_ciudad, nombre, id_departamento) values(22,'Arauquita',3);
INSERT INTO ofertas.ciudades(id_aut_ciudad, nombre, id_departamento) values(23,'Cravo Norte',3);
INSERT INTO ofertas.ciudades(id_aut_ciudad, nombre, id_departamento) values(24,'Fortul',3);
INSERT INTO ofertas.ciudades(id_aut_ciudad, nombre, id_departamento) values(25,'Puerto Rondón',3);
INSERT INTO ofertas.ciudades(id_aut_ciudad, nombre, id_departamento) values(26,'Saravena',3);
INSERT INTO ofertas.ciudades(id_aut_ciudad, nombre, id_departamento) values(27,'Tame',3);

INSERT INTO ofertas.ciudades(id_aut_ciudad, nombre, id_departamento) values(28,'Baranoa',4);
INSERT INTO ofertas.ciudades(id_aut_ciudad, nombre, id_departamento) values(29,'Barranquilla',4);
INSERT INTO ofertas.ciudades(id_aut_ciudad, nombre, id_departamento) values(30,'Campo de la Cruz',4);
INSERT INTO ofertas.ciudades(id_aut_ciudad, nombre, id_departamento) values(31,'Candelaria',4);
INSERT INTO ofertas.ciudades(id_aut_ciudad, nombre, id_departamento) values(32,'Galapa',4);
INSERT INTO ofertas.ciudades(id_aut_ciudad, nombre, id_departamento) values(33,'Juan de Acosta',4);
INSERT INTO ofertas.ciudades(id_aut_ciudad, nombre, id_departamento) values(34,'Luruaco',4);
INSERT INTO ofertas.ciudades(id_aut_ciudad, nombre, id_departamento) values(35,'Malambo',4);
INSERT INTO ofertas.ciudades(id_aut_ciudad, nombre, id_departamento) values(36,'Manatí',4);
INSERT INTO ofertas.ciudades(id_aut_ciudad, nombre, id_departamento) values(37,'Palmar de Varela',4);
INSERT INTO ofertas.ciudades(id_aut_ciudad, nombre, id_departamento) values(38,'Piojó',4);
INSERT INTO ofertas.ciudades(id_aut_ciudad, nombre, id_departamento) values(39,'Polonuevo',4);
INSERT INTO ofertas.ciudades(id_aut_ciudad, nombre, id_departamento) values(40,'Ponedera',4);
INSERT INTO ofertas.ciudades(id_aut_ciudad, nombre, id_departamento) values(41,'Puerto Colombia',4);
INSERT INTO ofertas.ciudades(id_aut_ciudad, nombre, id_departamento) values(42,'Repelón',4);
INSERT INTO ofertas.ciudades(id_aut_ciudad, nombre, id_departamento) values(43,'Sabanagrande',4);
INSERT INTO ofertas.ciudades(id_aut_ciudad, nombre, id_departamento) values(44,'Sabanalarga',4);
INSERT INTO ofertas.ciudades(id_aut_ciudad, nombre, id_departamento) values(45,'Santa Lucía',4);
INSERT INTO ofertas.ciudades(id_aut_ciudad, nombre, id_departamento) values(46,'Santo Tomás',4);
INSERT INTO ofertas.ciudades(id_aut_ciudad, nombre, id_departamento) values(47,'Tubará',4);
INSERT INTO ofertas.ciudades(id_aut_ciudad, nombre, id_departamento) values(48,'Usiacurí',4);


INSERT INTO ofertas.ciudades(id_aut_ciudad, nombre, id_departamento) values(49,'Achí',5);
INSERT INTO ofertas.ciudades(id_aut_ciudad, nombre, id_departamento) values(50,'Altos del Rosario',5);
INSERT INTO ofertas.ciudades(id_aut_ciudad, nombre, id_departamento) values(51,'Arenal del Sur',5);
INSERT INTO ofertas.ciudades(id_aut_ciudad, nombre, id_departamento) values(52,'Arjona',5);
INSERT INTO ofertas.ciudades(id_aut_ciudad, nombre, id_departamento) values(53,'Arroyohondo',5);
INSERT INTO ofertas.ciudades(id_aut_ciudad, nombre, id_departamento) values(54,'Barranco de Loba',5);
INSERT INTO ofertas.ciudades(id_aut_ciudad, nombre, id_departamento) values(55,'Calamar',5);
INSERT INTO ofertas.ciudades(id_aut_ciudad, nombre, id_departamento) values(56,'Cantagallo',5);
INSERT INTO ofertas.ciudades(id_aut_ciudad, nombre, id_departamento) values(57,'Cartagena de Indias',5);
INSERT INTO ofertas.ciudades(id_aut_ciudad, nombre, id_departamento) values(58,'Cicuco',5);
INSERT INTO ofertas.ciudades(id_aut_ciudad, nombre, id_departamento) values(59,'Clemencia',5);
INSERT INTO ofertas.ciudades(id_aut_ciudad, nombre, id_departamento) values(60,'Córdoba',5);
INSERT INTO ofertas.ciudades(id_aut_ciudad, nombre, id_departamento) values(61,'El Carmen',5);
INSERT INTO ofertas.ciudades(id_aut_ciudad, nombre, id_departamento) values(62,'El Guamo',5);
INSERT INTO ofertas.ciudades(id_aut_ciudad, nombre, id_departamento) values(63,'El Peñón',5);
INSERT INTO ofertas.ciudades(id_aut_ciudad, nombre, id_departamento) values(64,'Hatillo de Loba',5);
INSERT INTO ofertas.ciudades(id_aut_ciudad, nombre, id_departamento) values(65,'Magangué',5);
INSERT INTO ofertas.ciudades(id_aut_ciudad, nombre, id_departamento) values(66,'Mahates',5);
INSERT INTO ofertas.ciudades(id_aut_ciudad, nombre, id_departamento) values(67,'Margarita',5);
INSERT INTO ofertas.ciudades(id_aut_ciudad, nombre, id_departamento) values(68,'Maria La Baja',5);
INSERT INTO ofertas.ciudades(id_aut_ciudad, nombre, id_departamento) values(69,'Montecristo',5);
INSERT INTO ofertas.ciudades(id_aut_ciudad, nombre, id_departamento) values(70,'Morales',5);
INSERT INTO ofertas.ciudades(id_aut_ciudad, nombre, id_departamento) values(71,'Pinillos',5);
INSERT INTO ofertas.ciudades(id_aut_ciudad, nombre, id_departamento) values(72,'Regidor',5);
INSERT INTO ofertas.ciudades(id_aut_ciudad, nombre, id_departamento) values(73,'Río Viejo',5);
INSERT INTO ofertas.ciudades(id_aut_ciudad, nombre, id_departamento) values(74,'San Cristóbal',5);
INSERT INTO ofertas.ciudades(id_aut_ciudad, nombre, id_departamento) values(75,'San Estanislao',5);
INSERT INTO ofertas.ciudades(id_aut_ciudad, nombre, id_departamento) values(76,'San Fernando',5);
INSERT INTO ofertas.ciudades(id_aut_ciudad, nombre, id_departamento) values(77,'San Jacinto',5);
INSERT INTO ofertas.ciudades(id_aut_ciudad, nombre, id_departamento) values(78,'San Jacinto del Cauca',5);
INSERT INTO ofertas.ciudades(id_aut_ciudad, nombre, id_departamento) values(79,'San Juan Nepomuceno',5);
INSERT INTO ofertas.ciudades(id_aut_ciudad, nombre, id_departamento) values(80,'San Martín de Loba',5);
INSERT INTO ofertas.ciudades(id_aut_ciudad, nombre, id_departamento) values(81,'San Pablo',5);
INSERT INTO ofertas.ciudades(id_aut_ciudad, nombre, id_departamento) values(82,'Santa Catalina',5);
INSERT INTO ofertas.ciudades(id_aut_ciudad, nombre, id_departamento) values(83,'Santa Cruz de Mompox',5);
INSERT INTO ofertas.ciudades(id_aut_ciudad, nombre, id_departamento) values(84,'Santa Rosa',5);
INSERT INTO ofertas.ciudades(id_aut_ciudad, nombre, id_departamento) values(85,'Santa Rosa del Sur',5);
INSERT INTO ofertas.ciudades(id_aut_ciudad, nombre, id_departamento) values(86,'Simití',5);
INSERT INTO ofertas.ciudades(id_aut_ciudad, nombre, id_departamento) values(87,'Soplaviento',5);
INSERT INTO ofertas.ciudades(id_aut_ciudad, nombre, id_departamento) values(88,'Talaigua Nuevo',5);
INSERT INTO ofertas.ciudades(id_aut_ciudad, nombre, id_departamento) values(89,'Tiquisio',5);
INSERT INTO ofertas.ciudades(id_aut_ciudad, nombre, id_departamento) values(90,'Turbaco',5);
INSERT INTO ofertas.ciudades(id_aut_ciudad, nombre, id_departamento) values(91,'Turbana',5);
INSERT INTO ofertas.ciudades(id_aut_ciudad, nombre, id_departamento) values(92,'Villanueva',5);
INSERT INTO ofertas.ciudades(id_aut_ciudad, nombre, id_departamento) values(93,'Zambrano',5);


INSERT INTO ofertas.ciudades(id_aut_ciudad, nombre, id_departamento) values(94,'Centro',6);
INSERT INTO ofertas.ciudades(id_aut_ciudad, nombre, id_departamento) values(95,'Distrito Fronterizo',6);
INSERT INTO ofertas.ciudades(id_aut_ciudad, nombre, id_departamento) values(96,'Gutiérrez',6);
INSERT INTO ofertas.ciudades(id_aut_ciudad, nombre, id_departamento) values(97,'La Libertad',6);
INSERT INTO ofertas.ciudades(id_aut_ciudad, nombre, id_departamento) values(98,'Lengupá',6);
INSERT INTO ofertas.ciudades(id_aut_ciudad, nombre, id_departamento) values(99,'Márquez',6);
INSERT INTO ofertas.ciudades(id_aut_ciudad, nombre, id_departamento) values(100,'Neira',6);
INSERT INTO ofertas.ciudades(id_aut_ciudad, nombre, id_departamento) values(101,'Norte',6);
INSERT INTO ofertas.ciudades(id_aut_ciudad, nombre, id_departamento) values(102,'Occidente',6);
INSERT INTO ofertas.ciudades(id_aut_ciudad, nombre, id_departamento) values(103,'Oriente',6);
INSERT INTO ofertas.ciudades(id_aut_ciudad, nombre, id_departamento) values(104,'Ricaurte',6);
INSERT INTO ofertas.ciudades(id_aut_ciudad, nombre, id_departamento) values(105,'Sugamuxi',6);
INSERT INTO ofertas.ciudades(id_aut_ciudad, nombre, id_departamento) values(106,'Tundama',6);
INSERT INTO ofertas.ciudades(id_aut_ciudad, nombre, id_departamento) values(107,'Valderrama',6);
INSERT INTO ofertas.ciudades(id_aut_ciudad, nombre, id_departamento) values(108,'Zona de Manejo Especial',6);

INSERT INTO ofertas.ciudades(id_aut_ciudad, nombre, id_departamento) values(109,'Alto Occidente',7);
INSERT INTO ofertas.ciudades(id_aut_ciudad, nombre, id_departamento) values(110,'Alto Oriente',7);
INSERT INTO ofertas.ciudades(id_aut_ciudad, nombre, id_departamento) values(111,'Bajo Occidente',7);
INSERT INTO ofertas.ciudades(id_aut_ciudad, nombre, id_departamento) values(112,'Centrosur',7);
INSERT INTO ofertas.ciudades(id_aut_ciudad, nombre, id_departamento) values(113,'Magdalena Caldense',7);
INSERT INTO ofertas.ciudades(id_aut_ciudad, nombre, id_departamento) values(114,'Norte',7);

INSERT INTO ofertas.ciudades(id_aut_ciudad, nombre, id_departamento) values(115,'Albania',8);
INSERT INTO ofertas.ciudades(id_aut_ciudad, nombre, id_departamento) values(116,'Belén de los Andaquies',8);
INSERT INTO ofertas.ciudades(id_aut_ciudad, nombre, id_departamento) values(117,'Cartagena del Chairá',8);
INSERT INTO ofertas.ciudades(id_aut_ciudad, nombre, id_departamento) values(118,'Currillo',8);
INSERT INTO ofertas.ciudades(id_aut_ciudad, nombre, id_departamento) values(119,'El Doncello',8);
INSERT INTO ofertas.ciudades(id_aut_ciudad, nombre, id_departamento) values(120,'El Paujil',8);
INSERT INTO ofertas.ciudades(id_aut_ciudad, nombre, id_departamento) values(121,'Florencia',8);
INSERT INTO ofertas.ciudades(id_aut_ciudad, nombre, id_departamento) values(122,'La Montañita',8);
INSERT INTO ofertas.ciudades(id_aut_ciudad, nombre, id_departamento) values(123,'Morelia',8);
INSERT INTO ofertas.ciudades(id_aut_ciudad, nombre, id_departamento) values(124,'Puerto Milán',8);
INSERT INTO ofertas.ciudades(id_aut_ciudad, nombre, id_departamento) values(125,'Puerto Rico',8);
INSERT INTO ofertas.ciudades(id_aut_ciudad, nombre, id_departamento) values(126,'San José del Fragua',8);
INSERT INTO ofertas.ciudades(id_aut_ciudad, nombre, id_departamento) values(127,'San Vicente del Caguán',8);
INSERT INTO ofertas.ciudades(id_aut_ciudad, nombre, id_departamento) values(128,'Solano',8);
INSERT INTO ofertas.ciudades(id_aut_ciudad, nombre, id_departamento) values(129,'Solita',8);
INSERT INTO ofertas.ciudades(id_aut_ciudad, nombre, id_departamento) values(130,'Valparaíso',8);


INSERT INTO ofertas.ciudades(id_aut_ciudad, nombre, id_departamento) values(131,'Aguazul',9);
INSERT INTO ofertas.ciudades(id_aut_ciudad, nombre, id_departamento) values(132,'Chámeza',9);
INSERT INTO ofertas.ciudades(id_aut_ciudad, nombre, id_departamento) values(133,'Hato Corozal',9);
INSERT INTO ofertas.ciudades(id_aut_ciudad, nombre, id_departamento) values(134,'La Salina',9);
INSERT INTO ofertas.ciudades(id_aut_ciudad, nombre, id_departamento) values(135,'Maní',9);
INSERT INTO ofertas.ciudades(id_aut_ciudad, nombre, id_departamento) values(136,'Monterrey',9);
INSERT INTO ofertas.ciudades(id_aut_ciudad, nombre, id_departamento) values(137,'Nunchía',9);
INSERT INTO ofertas.ciudades(id_aut_ciudad, nombre, id_departamento) values(138,'Orocué',9);
INSERT INTO ofertas.ciudades(id_aut_ciudad, nombre, id_departamento) values(139,'Paz de Ariporo',9);
INSERT INTO ofertas.ciudades(id_aut_ciudad, nombre, id_departamento) values(140,'Pore',9);
INSERT INTO ofertas.ciudades(id_aut_ciudad, nombre, id_departamento) values(141,'Recetor',9);
INSERT INTO ofertas.ciudades(id_aut_ciudad, nombre, id_departamento) values(142,'Sabanalarga',9);
INSERT INTO ofertas.ciudades(id_aut_ciudad, nombre, id_departamento) values(143,'Sácama',9);
INSERT INTO ofertas.ciudades(id_aut_ciudad, nombre, id_departamento) values(144,'San Luis de Palenque',9);
INSERT INTO ofertas.ciudades(id_aut_ciudad, nombre, id_departamento) values(145,'Támara',9);
INSERT INTO ofertas.ciudades(id_aut_ciudad, nombre, id_departamento) values(146,'Tauramena',9);
INSERT INTO ofertas.ciudades(id_aut_ciudad, nombre, id_departamento) values(147,'Trinidad',9);
INSERT INTO ofertas.ciudades(id_aut_ciudad, nombre, id_departamento) values(148,'Villanueva',9);
INSERT INTO ofertas.ciudades(id_aut_ciudad, nombre, id_departamento) values(149,'Yopal',9);


INSERT INTO ofertas.ciudades(id_aut_ciudad, nombre, id_departamento) values(150,'Buenos Aires',10);
INSERT INTO ofertas.ciudades(id_aut_ciudad, nombre, id_departamento) values(151,'Caloto',10);
INSERT INTO ofertas.ciudades(id_aut_ciudad, nombre, id_departamento) values(152,'Corinto',10);
INSERT INTO ofertas.ciudades(id_aut_ciudad, nombre, id_departamento) values(153,'Guachené',10);
INSERT INTO ofertas.ciudades(id_aut_ciudad, nombre, id_departamento) values(154,'Miranda',10);
INSERT INTO ofertas.ciudades(id_aut_ciudad, nombre, id_departamento) values(155,'Padilla',10);
INSERT INTO ofertas.ciudades(id_aut_ciudad, nombre, id_departamento) values(156,'Puerto Tejada',10);
INSERT INTO ofertas.ciudades(id_aut_ciudad, nombre, id_departamento) values(157,'Santander de Quilichao',10);
INSERT INTO ofertas.ciudades(id_aut_ciudad, nombre, id_departamento) values(158,'Suárez',10);
INSERT INTO ofertas.ciudades(id_aut_ciudad, nombre, id_departamento) values(159,'Villa Rica',10);
INSERT INTO ofertas.ciudades(id_aut_ciudad, nombre, id_departamento) values(160,'Cajibío',10);
INSERT INTO ofertas.ciudades(id_aut_ciudad, nombre, id_departamento) values(161,'El Tambo',10);
INSERT INTO ofertas.ciudades(id_aut_ciudad, nombre, id_departamento) values(162,'La Sierra',10);
INSERT INTO ofertas.ciudades(id_aut_ciudad, nombre, id_departamento) values(163,'Morales',10);
INSERT INTO ofertas.ciudades(id_aut_ciudad, nombre, id_departamento) values(164,'Piendamó',10);
INSERT INTO ofertas.ciudades(id_aut_ciudad, nombre, id_departamento) values(165,'Popayán',10);
INSERT INTO ofertas.ciudades(id_aut_ciudad, nombre, id_departamento) values(166,'Rosas',10);
INSERT INTO ofertas.ciudades(id_aut_ciudad, nombre, id_departamento) values(167,'Sotará',10);
INSERT INTO ofertas.ciudades(id_aut_ciudad, nombre, id_departamento) values(168,'Timbío',10);
INSERT INTO ofertas.ciudades(id_aut_ciudad, nombre, id_departamento) values(169,'Almaguer',10);
INSERT INTO ofertas.ciudades(id_aut_ciudad, nombre, id_departamento) values(170,'Argelia',10);
INSERT INTO ofertas.ciudades(id_aut_ciudad, nombre, id_departamento) values(171,'Balboa',10);
INSERT INTO ofertas.ciudades(id_aut_ciudad, nombre, id_departamento) values(172,'Bolívar',10);
INSERT INTO ofertas.ciudades(id_aut_ciudad, nombre, id_departamento) values(173,'Florencia',10);
INSERT INTO ofertas.ciudades(id_aut_ciudad, nombre, id_departamento) values(174,'La Vega',10);
INSERT INTO ofertas.ciudades(id_aut_ciudad, nombre, id_departamento) values(175,'Mercaderes',10);
INSERT INTO ofertas.ciudades(id_aut_ciudad, nombre, id_departamento) values(176,'Patía',10);
INSERT INTO ofertas.ciudades(id_aut_ciudad, nombre, id_departamento) values(177,'Piamonte',10);
INSERT INTO ofertas.ciudades(id_aut_ciudad, nombre, id_departamento) values(178,'San Sebastián',10);
INSERT INTO ofertas.ciudades(id_aut_ciudad, nombre, id_departamento) values(179,'Santa Rosa',10);
INSERT INTO ofertas.ciudades(id_aut_ciudad, nombre, id_departamento) values(180,'Sucre',10);
INSERT INTO ofertas.ciudades(id_aut_ciudad, nombre, id_departamento) values(181,'Guapí',10);
INSERT INTO ofertas.ciudades(id_aut_ciudad, nombre, id_departamento) values(182,'López de Micay',10);
INSERT INTO ofertas.ciudades(id_aut_ciudad, nombre, id_departamento) values(183,'Timbiquí',10);
INSERT INTO ofertas.ciudades(id_aut_ciudad, nombre, id_departamento) values(184,'Caldono',10);
INSERT INTO ofertas.ciudades(id_aut_ciudad, nombre, id_departamento) values(185,'Inzá',10);
INSERT INTO ofertas.ciudades(id_aut_ciudad, nombre, id_departamento) values(186,'Jambaló',10);
INSERT INTO ofertas.ciudades(id_aut_ciudad, nombre, id_departamento) values(187,'Páez',10);
INSERT INTO ofertas.ciudades(id_aut_ciudad, nombre, id_departamento) values(188,'Puracé',10);
INSERT INTO ofertas.ciudades(id_aut_ciudad, nombre, id_departamento) values(189,'Silvia',10);
INSERT INTO ofertas.ciudades(id_aut_ciudad, nombre, id_departamento) values(190,'Toribío',10);
INSERT INTO ofertas.ciudades(id_aut_ciudad, nombre, id_departamento) values(191,'Totoró',10);

-- ===================================================================================================
